host_tick_us,t_us,speed_t_us,count,substeps,speed,stopped,mode,demand,output,current_ma,filtered_ma,samples,missed,max_read_us,max_work_us,i2c_errors,fault
35570514,35570515,35564516,-20941,-1340192,0.0000,1,S,0,0,8.20,8.31,35567,0,123,348,0,0
35580514,35580515,35574515,-20941,-1340192,0.0000,1,S,0,0,8.40,8.35,35577,0,123,348,0,0
35590514,35590515,35584515,-20941,-1340192,0.0000,1,S,0,0,8.40,8.35,35587,0,123,348,0,0
35600516,35600517,35594516,-20941,-1340192,0.0000,1,S,0,0,8.30,8.35,35597,0,123,348,0,0
35611514,35611515,35604517,-20941,-1340192,0.0000,1,S,0,0,8.40,8.38,35608,0,123,348,0,0
35621515,35621516,35614516,-20941,-1340192,0.0000,1,S,0,0,8.40,8.38,35618,0,123,348,0,0
35631515,35631516,35624516,-20941,-1340192,0.0000,1,S,0,0,8.30,8.34,35628,0,123,348,0,0
35642515,35642516,35634515,-20941,-1340192,0.0000,1,S,0,0,8.40,8.34,35639,0,123,348,0,0
35653515,35653516,35644515,-20941,-1340192,0.0000,1,S,0,0,8.60,8.41,35650,0,123,348,0,0
35663515,35663516,35654521,-20941,-1340192,0.0000,1,S,0,0,8.40,8.31,35660,0,123,348,0,0
35673515,35673516,35664524,-20941,-1340192,0.0000,1,S,0,0,8.40,8.38,35670,0,123,348,0,0
35683515,35683516,35674521,-20941,-1340192,0.0000,1,S,0,0,8.30,8.38,35680,0,123,348,0,0
35693515,35693516,35684519,-20941,-1340192,0.0000,1,S,0,0,8.40,8.39,35690,0,123,348,0,0
35703515,35703516,35694518,-20941,-1340192,0.0000,1,S,0,0,8.30,8.33,35700,0,123,348,0,0
35713516,35713517,35704520,-20941,-1340192,0.0000,1,S,0,0,8.40,8.37,35710,0,123,348,0,0
35724516,35724517,35724517,-20941,-1340192,0.0000,1,S,0,0,8.00,8.30,35721,0,123,348,0,0
35735514,35735515,35734516,-20941,-1340192,0.0000,1,S,0,0,8.60,8.37,35732,0,123,348,0,0
35745515,35745516,35744517,-20941,-1340192,0.0000,1,S,0,0,8.40,8.37,35742,0,123,348,0,0
35755515,35755516,35754516,-20941,-1340192,0.0000,1,S,0,0,8.30,8.32,35752,0,123,348,0,0
35765515,35765516,35764516,-20941,-1340192,0.0000,1,S,0,0,8.40,8.38,35762,0,123,348,0,0
35775515,35775516,35774515,-20941,-1340192,0.0000,1,S,0,0,8.50,8.36,35772,0,123,348,0,0
35786514,35786515,35784516,-20941,-1340192,0.0000,1,S,0,0,8.60,8.38,35783,0,123,348,0,0
35796516,35796517,35794515,-20941,-1340192,0.0000,1,S,0,0,8.20,8.38,35793,0,123,348,0,0
35807515,35807516,35804516,-20941,-1340192,0.0000,1,S,0,0,8.20,8.39,35804,0,123,348,0,0
35817516,35817517,35814516,-20941,-1340192,0.0000,1,S,0,0,8.30,8.37,35814,0,123,348,0,0
35828516,35828517,35824516,-20941,-1340192,0.0000,1,S,0,0,7.90,8.30,35825,0,123,348,0,0
35839514,35839515,35834515,-20941,-1340192,0.0000,1,S,0,0,8.40,8.33,35836,0,123,348,0,0
35849514,35849515,35844515,-20941,-1340192,0.0000,1,S,0,0,8.30,8.34,35846,0,123,348,0,0
35859516,35859517,35854516,-20941,-1340192,0.0000,1,S,0,0,8.00,8.32,35856,0,123,348,0,0
35870515,35870516,35864517,-20941,-1340192,0.0000,1,S,0,0,8.40,8.36,35867,0,123,348,0,0
35881516,35881518,35874515,-20941,-1340192,0.0000,1,R,32767,98,2.60,7.14,35878,0,123,348,0,0
35892516,35892517,35884520,-20941,-1340192,0.0000,1,R,32767,278,2.40,3.82,35889,0,123,348,0,0
35903514,35903516,35894516,-20941,-1340192,0.0000,1,R,32767,458,2.40,2.92,35900,0,123,348,0,0
35913514,35913515,35904519,-20941,-1340192,0.0000,1,R,32767,622,8.60,5.48,35910,0,123,348,0,0
35923514,35923516,35914519,-20941,-1340192,0.0000,1,R,32767,786,8.60,7.40,35920,0,123,348,0,0
35933516,35933517,35924519,-20941,-1340192,0.0000,1,R,32767,950,8.40,8.11,35930,0,123,348,0,0
35943516,35943517,35934519,-20941,-1340192,0.0000,1,R,32767,1114,9.20,8.59,35940,0,123,348,0,0
35954514,35954515,35954515,-20943,-1340321,-102.8438,0,R,32767,1294,9.50,9.22,35951,0,123,348,0,0
35964515,35964516,35964516,-20946,-1340532,-323.0781,0,R,32767,1458,10.20,9.74,35961,0,123,348,0,0
35974515,35974516,35974516,-20952,-1340901,-554.1562,0,R,32767,1621,10.30,10.04,35971,0,123,348,0,0
35985514,35985516,35984516,-20960,-1341450,-758.1406,0,R,32767,1802,10.30,10.29,35982,0,123,348,0,0
35995515,35995517,35994517,-20970,-1342098,-974.7344,0,R,32767,1966,11.10,10.67,35992,0,123,348,0,0
36005516,36005518,36004516,-20983,-1342890,-1200.2188,0,R,32767,2129,11.00,10.91,36002,0,123,348,0,0
36016514,36016516,36014517,-20999,-1343906,-1409.2188,0,R,32767,2310,11.00,11.32,36013,0,123,348,0,0
36026515,36026517,36024517,-21015,-1344961,-1615.0156,0,R,32767,2473,11.80,11.65,36023,0,123,348,0,0
36037514,36037515,36034517,-21035,-1346255,-1791.0156,0,R,32767,2654,12.40,11.96,36034,0,123,348,0,0
36047516,36047518,36044515,-21056,-1347568,-1966.8594,0,R,32767,2817,13.00,12.41,36044,0,123,348,0,0
36058515,36058517,36054517,-21081,-1349176,-2213.0156,0,R,32767,2998,12.20,12.71,36055,0,123,348,0,0
36068515,36068516,36064518,-21105,-1350742,-2382.9062,0,R,32767,3162,13.50,13.09,36065,0,123,348,0,0
36078515,36078517,36074517,-21132,-1352458,-2570.9375,0,R,32767,3325,13.90,13.51,36075,0,123,348,0,0
36089514,36089516,36084517,-21164,-1354489,-2796.6250,0,R,32767,3506,14.40,13.70,36086,0,123,348,0,0
36099514,36099515,36094517,-21195,-1356449,-2971.7500,0,R,32767,3669,14.60,14.37,36096,0,123,348,0,0
36109514,36109515,36104516,-21227,-1358551,-3178.0469,0,R,32767,3833,14.40,14.52,36106,0,123,348,0,0
36119514,36119516,36114518,-21262,-1360784,-3379.0469,0,R,32767,3997,15.30,15.04,36116,0,123,348,0,0
36129516,36129518,36124517,-21299,-1363142,-3594.1562,0,R,32767,4161,15.60,15.23,36126,0,123,348,0,0
36140516,36140518,36134518,-21342,-1365889,-3780.5000,0,R,32767,4341,17.40,16.00,36137,0,123,348,0,0
36151514,36151515,36144516,-21387,-1368767,-3986.8281,0,R,32767,4521,17.10,16.01,36148,0,123,348,0,0
36161516,36161517,36154516,-21430,-1371530,-4154.2812,0,R,32767,4685,15.20,16.18,36158,0,123,348,0,0
36172516,36172517,36164517,-21480,-1374715,-4369.8281,0,R,32767,4865,17.00,17.09,36169,0,123,348,0,0
36183514,36183515,36174519,-21532,-1378048,-4568.0469,0,R,32767,5046,19.60,17.65,36180,0,123,348,0,0
36193515,36193517,36184522,-21581,-1381205,-4760.4688,0,R,32767,5209,19.00,17.82,36190,0,123,348,0,0
36203515,36203517,36194522,-21633,-1384498,-4965.5312,0,R,32767,5373,18.80,17.94,36200,0,123,348,0,0
36213515,36213517,36204522,-21686,-1387921,-5164.5469,0,R,32767,5537,17.40,18.31,36210,0,123,348,0,0
36224515,36224516,36224516,-21747,-1391831,-5559.4688,0,R,32767,5717,21.10,19.14,36221,0,123,348,0,0
36234515,36234516,36234516,-21805,-1395510,-5746.5312,0,R,32767,5881,19.80,19.28,36231,0,123,348,0,0
36244515,36244517,36244517,-21864,-1399321,-5952.9688,0,R,32767,6045,20.00,19.54,36241,0,123,348,0,0
36254516,36254518,36254518,-21926,-1403262,-6153.8281,0,R,32767,6209,21.00,20.12,36251,0,123,348,0,0
36265516,36265517,36264516,-21996,-1407734,-6335.4531,0,R,32767,6389,21.40,20.61,36262,0,123,348,0,0
36276514,36276517,36274516,-22068,-1412363,-6539.8125,0,R,32767,6569,23.00,21.16,36273,0,123,348,0,0
36286516,36286517,36284517,-22136,-1416710,-6759.4688,0,R,32767,6733,22.80,21.60,36283,0,123,348,0,0
36296516,36296519,36294518,-22206,-1421175,-6935.4844,0,R,32767,6897,21.50,21.93,36293,0,123,348,0,0
36307514,36307516,36304516,-22285,-1426229,-7126.3594,0,R,32767,7077,23.40,22.58,36304,0,123,348,0,0
36317516,36317518,36314517,-22359,-1430962,-7341.0938,0,R,32767,7241,22.00,22.69,36314,0,123,348,0,0
36328515,36328517,36324517,-22442,-1436311,-7522.5000,0,R,32767,7421,22.60,23.34,36325,0,123,348,0,0
36338515,36338517,36334518,-22521,-1441312,-7729.3594,0,R,32767,7585,22.30,23.58,36335,0,123,348,0,0
36348515,36348517,36344515,-22601,-1446446,-7950.0781,0,R,32767,7749,24.10,23.98,36345,0,123,348,0,0
36358516,36358518,36354517,-22683,-1451704,-8130.0625,0,R,32767,7913,26.20,24.29,36355,0,123,348,0,0
36369516,36369519,36364517,-22776,-1457637,-8329.9844,0,R,32767,8093,25.70,25.03,36366,0,123,348,0,0
36380514,36380515,36374516,-22870,-1463712,-8529.8281,0,R,32767,8273,25.60,25.71,36377,0,123,348,0,0
36390515,36390517,36384517,-22959,-1469380,-8731.0156,0,R,32767,8437,25.60,25.82,36387,0,123,348,0,0
36401514,36401516,36394517,-23059,-1475752,-8922.2812,0,R,32767,8617,25.20,26.09,36398,0,123,348,0,0
36411516,36411517,36404516,-23151,-1481685,-9134.7031,0,R,32767,8781,25.90,26.72,36408,0,123,348,0,0
36422514,36422516,36414516,-23255,-1488339,-9317.0625,0,R,32767,8961,26.40,27.32,36419,0,123,348,0,0
36432514,36432516,36424517,-23352,-1494541,-9499.9844,0,R,32767,9125,29.70,27.53,36429,0,123,348,0,0
36442514,36442516,36434516,-23451,-1500849,-9725.2656,0,R,32767,9289,25.30,27.31,36439,0,123,348,0,0
36452514,36452516,36444519,-23552,-1507309,-9900.9844,0,R,32767,9453,29.10,28.11,36449,0,123,348,0,0
36462514,36462515,36454517,-23654,-1513879,-10130.3750,0,R,32767,9617,30.50,29.20,36459,0,123,348,0,0
36472515,36472516,36464519,-23759,-1520585,-10297.9375,0,R,32767,9780,27.70,29.63,36469,0,123,348,0,0
36482516,36482517,36474519,-23866,-1527412,-10526.3125,0,R,32767,9944,31.70,29.65,36479,0,123,348,0,0
36493514,36493515,36484517,-23985,-1535064,-10697.8438,0,R,32767,10125,34.10,30.43,36490,0,123,348,0,0
36503516,36503518,36494526,-24096,-1542167,-10904.3438,0,R,32767,10288,29.70,30.75,36500,0,123,348,0,0
36513516,36513518,36504522,-24209,-1549379,-11117.7812,0,R,32767,10452,30.10,30.87,36510,0,123,348,0,0
36524514,36524516,36524516,-24336,-1557476,-11514.9531,0,R,32767,10632,30.50,31.50,36521,0,123,348,0,0
36534515,36534516,36534516,-24452,-1564960,-11694.7031,0,R,32767,10796,30.50,31.81,36531,0,123,348,0,0
36545514,36545521,36544516,-24584,-1573351,-11905.9375,0,R,32767,10976,32.30,32.15,36542,0,123,348,0,0
36555514,36555520,36554516,-24705,-1581105,-12095.1406,0,R,32767,11140,34.10,32.58,36552,0,123,348,0,0
36565515,36565521,36564516,-24828,-1588995,-12307.3750,0,R,32767,11304,33.10,33.48,36562,0,123,348,0,0
36575515,36575523,36574517,-24953,-1597004,-12492.4844,0,R,32767,11468,36.50,33.69,36572,0,123,348,0,0
36585516,36585522,36584517,-25080,-1605141,-12687.5312,0,R,32767,11632,35.80,33.69,36582,0,123,348,0,0
36596516,36596518,36594517,-25222,-1614230,-12894.8281,0,R,32767,11812,35.60,34.56,36593,0,123,348,0,0
36607515,36607517,36604516,-25367,-1623474,-13073.8438,0,R,32767,11992,33.90,35.41,36604,0,123,348,0,0
36617516,36617518,36614517,-25500,-1632028,-13293.3281,0,R,32767,12156,36.50,35.50,36614,0,123,348,0,0
36628515,36628516,36624515,-25650,-1641576,-13501.3438,0,R,32767,12336,37.30,35.95,36625,0,123,348,0,0
36638515,36638516,36634518,-25787,-1650379,-13689.0312,0,R,32767,12500,35.20,36.47,36635,0,123,348,0,0
36648515,36648517,36644516,-25927,-1659319,-13877.7812,0,R,32767,12664,38.20,36.57,36645,0,123,348,0,0
36658515,36658516,36654516,-26068,-1668372,-14077.4688,0,R,32767,12828,40.40,37.42,36655,0,123,348,0,0
36669516,36669517,36664518,-26226,-1678472,-14262.7500,0,R,32767,13008,40.60,37.50,36666,0,123,348,0,0
36680516,36680518,36674516,-26387,-1688749,-14463.8125,0,R,32767,13188,35.40,37.94,36677,0,123,348,0,0
36691515,36691516,36684517,-26550,-1699182,-14694.1094,0,R,32767,13368,40.50,39.34,36688,0,123,348,0,0
36702514,36702516,36694516,-26715,-1709761,-14874.3594,0,R,32767,13549,38.10,39.15,36699,0,123,348,0,0
36712516,36712517,36704520,-26867,-1719501,-15082.9531,0,R,32767,13712,44.20,39.40,36709,0,123,348,0,0
36723514,36723515,36714517,-27037,-1730352,-15263.3594,0,R,32767,13893,38.70,40.25,36720,0,123,348,0,0
36733514,36733516,36724518,-27193,-1740365,-15444.7812,0,R,32767,14057,42.80,41.16,36730,0,123,348,0,0
36743515,36743516,36734525,-27352,-1750502,-15651.4688,0,R,32767,14220,41.00,41.82,36740,0,123,348,0,0
36754514,36754516,36754516,-27528,-1761790,-16049.7344,0,R,32767,14401,41.90,41.40,36751,0,123,348,0,0
36764516,36764517,36764517,-27690,-1772191,-16248.7188,0,R,32767,14564,43.40,42.35,36761,0,123,348,0,0
36775516,36775522,36774515,-27872,-1783781,-16431.2031,0,R,32767,14745,43.80,42.42,36772,0,123,348,0,0
36786514,36786516,36784518,-28055,-1795518,-16673.2969,0,R,32767,14925,42.90,42.89,36783,0,123,348,0,0
36796515,36796517,36794516,-28224,-1806323,-16838.7031,0,R,32767,15089,45.60,43.90,36793,0,123,348,0,0
36806515,36806517,36804517,-28395,-1817268,-17061.4062,0,R,32767,15253,43.60,43.55,36803,0,123,348,0,0
36816515,36816519,36814517,-28568,-1828335,-17241.3594,0,R,32767,15416,42.90,44.31,36813,0,123,348,0,0
36826515,36826517,36824516,-28743,-1839531,-17463.3125,0,R,32767,15580,45.50,44.66,36823,0,123,348,0,0
36836516,36836517,36834517,-28920,-1850851,-17647.6250,0,R,32767,15744,46.60,45.32,36833,0,123,348,0,0
36847514,36847516,36844515,-29116,-1863439,-17823.1562,0,R,32767,15924,44.30,45.32,36844,0,123,348,0,0
36857515,36857517,36854515,-29297,-1875015,-18040.4531,0,R,32767,16088,44.80,46.01,36854,0,123,348,0,0
36867515,36867518,36864515,-29480,-1886724,-18209.0938,0,R,32767,16252,45.30,46.80,36864,0,123,348,0,0
36878515,36878516,36874515,-29684,-1899756,-18460.9062,0,R,32767,16432,46.20,46.79,36875,0,123,348,0,0
36889515,36889517,36884517,-29890,-1912935,-18625.4844,0,R,32767,16612,47.70,47.07,36886,0,123,348,0,0
36900514,36900515,36894515,-30098,-1926267,-18845.2031,0,R,32767,16793,46.20,47.33,36897,0,123,348,0,0
36910516,36910517,36904517,-30289,-1938511,-19015.2031,0,R,32767,16956,48.30,48.66,36907,0,123,348,0,0
36921514,36921515,36914517,-30502,-1952132,-19224.9844,0,R,32767,17137,50.60,49.50,36918,0,123,348,0,0
36931515,36931516,36924516,-30698,-1964640,-19396.9688,0,R,32767,17300,48.60,48.99,36928,0,123,348,0,0
36942514,36942515,36934516,-30915,-1978546,-19605.8750,0,R,32767,17481,51.00,51.22,36939,0,123,348,0,0
36952515,36952517,36944519,-31115,-1991334,-19809.8906,0,R,32767,17645,50.00,49.60,36949,0,123,348,0,0
36962515,36962517,36954523,-31316,-2004250,-20015.9844,0,R,32767,17808,53.30,51.45,36959,0,123,348,0,0
36973515,36973516,36964517,-31541,-2018602,-20218.1875,0,R,32767,17989,50.90,52.15,36970,0,123,348,0,0
36984515,36984517,36984517,-31767,-2033103,-20606.1719,0,R,32767,18169,53.50,52.79,36981,0,123,348,0,0
36995515,36995521,36994516,-31996,-2047774,-20818.7188,0,R,32767,18349,51.80,52.27,36992,0,123,348,0,0
37005515,37005521,37004516,-32206,-2061216,-20989.4844,0,R,32767,18513,52.60,53.43,37002,0,123,348,0,0
37016515,37016518,37014517,-32440,-2076179,-21232.0469,0,R,32767,18693,53.00,54.25,37013,0,123,348,0,0
37027514,37027516,37024516,-32676,-2091281,-21393.5625,0,R,32767,18873,52.40,54.20,37024,0,123,348,0,0
37037515,37037518,37034515,-32893,-2105150,-21621.6094,0,R,32767,19037,58.00,53.51,37034,0,123,348,0,0
37047516,37047519,37044516,-33112,-2119152,-21791.2656,0,R,32767,19201,52.20,55.43,37044,0,123,348,0,0
37058514,37058515,37054517,-33354,-2134688,-22026.4062,0,R,32767,19381,56.70,55.14,37055,0,123,348,0,0
37068514,37068516,37064516,-33577,-2148942,-22188.8906,0,R,32767,19545,55.20,55.40,37065,0,123,348,0,0
37078514,37078515,37074516,-33802,-2163324,-22404.4688,0,R,32767,19709,57.90,56.34,37075,0,123,348,0,0
37088515,37088517,37084516,-34029,-2177845,-22602.2500,0,R,32767,19873,57.50,56.31,37085,0,123,348,0,0
37098516,37098518,37094516,-34258,-2192482,-22795.4375,0,R,32767,20037,57.20,56.86,37095,0,123,348,0,0
37109516,37109517,37104517,-34511,-2208727,-22986.2031,0,R,32767,20217,64.30,58.47,37106,0,123,348,0,0
37120514,37120515,37114516,-34768,-2225136,-23162.5156,0,R,32767,20397,55.50,58.47,37117,0,123,348,0,0
37130514,37130515,37124517,-35003,-2240180,-23418.0156,0,R,32767,20561,54.10,59.19,37127,0,123,348,0,0
37140515,37140517,37134518,-35240,-2255370,-23604.7188,0,R,32767,20725,58.70,58.80,37137,0,123,348,0,0
37150516,37150517,37144518,-35479,-2270662,-23785.7188,0,R,32767,20888,58.70,59.85,37147,0,123,348,0,0
37160516,37160517,37154516,-35720,-2286100,-23986.3281,0,R,32767,21052,57.20,59.84,37157,0,123,348,0,0
37171514,37171516,37164516,-35988,-2303209,-24163.7500,0,R,32767,21233,58.70,60.27,37168,0,123,348,0,0
37181515,37181517,37174516,-36233,-2318887,-24387.7812,0,R,32767,21396,60.10,61.53,37178,0,123,348,0,0
37192515,37192517,37184518,-36505,-2336306,-24580.3281,0,R,32767,21577,61.60,61.12,37189,0,123,348,0,0
37202515,37202517,37194520,-36754,-2352276,-24777.6875,0,R,32767,21740,61.40,61.37,37199,0,123,348,0,0
37212515,37212516,37204517,-37006,-2368352,-24992.4531,0,R,32767,21904,60.30,62.26,37209,0,123,348,0,0
37222516,37222518,37214517,-37259,-2384571,-25157.2188,0,R,32767,22068,64.40,63.16,37219,0,123,348,0,0
37233514,37233515,37224521,-37540,-2402552,-25387.2969,0,R,32767,22248,64.20,63.12,37230,0,123,348,0,0
37243516,37243518,37234521,-37797,-2419023,-25574.4062,0,R,32767,22412,63.50,63.78,37240,0,123,348,0,0
37254515,37254517,37254517,-38083,-2437296,-25976.6094,0,R,32767,22592,63.10,63.86,37251,0,123,348,0,0
37265514,37265521,37264516,-38371,-2455738,-26175.8906,0,R,32767,22773,62.00,65.13,37262,0,123,348,0,0
37275514,37275521,37274515,-38635,-2472616,-26360.6094,0,R,32767,22936,68.90,65.41,37272,0,123,348,0,0
37285515,37285518,37284515,-38901,-2489643,-26592.0156,0,R,32767,23100,65.60,65.21,37282,0,123,348,0,0
37296515,37296520,37294515,-39195,-2508504,-26757.1719,0,R,32767,23280,64.50,64.97,37293,0,123,348,0,0
37306516,37306520,37304516,-39465,-2525764,-26918.8281,0,R,32767,23444,66.40,66.13,37303,0,123,348,0,0
37317515,37317517,37314516,-39764,-2544921,-27170.0938,0,R,32767,23625,65.70,67.45,37314,0,123,348,0,0
37327515,37327517,37324517,-40039,-2562465,-27362.9219,0,R,32767,23788,66.00,67.54,37324,0,123,348,0,0
37338516,37338517,37334516,-40343,-2581921,-27542.1562,0,R,32767,23969,65.10,67.45,37335,0,123,348,0,0
37349515,37349517,37344516,-40649,-2601519,-27774.9844,0,R,32767,24149,68.20,68.67,37346,0,123,348,0,0
37359515,37359517,37354517,-40930,-2619496,-27966.4375,0,R,32767,24313,68.80,68.89,37356,0,123,348,0,0
37369515,37369518,37364517,-41212,-2637586,-28157.7500,0,R,32767,24476,67.70,68.05,37366,0,123,348,0,0
37380516,37380517,37374515,-41525,-2657620,-28373.7500,0,R,32767,24657,65.90,69.30,37377,0,123,348,0,0
37391515,37391517,37384518,-41841,-2677804,-28551.4531,0,R,32767,24837,69.30,70.25,37388,0,123,348,0,0
37401515,37401516,37394516,-42130,-2696302,-28743.0938,0,R,32767,25001,76.00,71.25,37398,0,123,348,0,0
37411516,37411517,37404518,-42421,-2714912,-28924.7812,0,R,32767,25165,75.60,71.37,37408,0,123,348,0,0
37422515,37422517,37414517,-42743,-2735544,-29172.9219,0,R,32767,25345,74.60,71.96,37419,0,123,348,0,0
37433515,37433517,37424518,-43068,-2756333,-29361.8281,0,R,32767,25525,71.90,72.16,37430,0,123,348,0,0
37444514,37444515,37444515,-43395,-2777274,-29750.5625,0,R,32767,25705,72.30,73.22,37441,0,123,348,0,0
37454516,37454518,37454518,-43695,-2796463,-29973.0000,0,R,32767,25869,75.30,72.87,37451,0,123,348,0,0
37464516,37464517,37464517,-43996,-2815766,-30163.3281,0,R,32767,26033,80.00,73.98,37461,0,123,348,0,0
37475514,37475519,37474515,-44330,-2837150,-30354.4531,0,R,32767,26213,75.10,74.04,37472,0,123,348,0,0
37485515,37485523,37484516,-44636,-2856715,-30542.7344,0,R,32767,26377,74.00,74.25,37482,0,123,348,0,0
37496514,37496515,37494518,-44975,-2878385,-30778.4375,0,R,32767,26557,80.20,75.81,37493,0,123,348,0,0
37506514,37506517,37504518,-45285,-2898223,-30947.3750,0,R,32767,26721,77.30,75.65,37503,0,123,348,0,0
37516515,37516517,37514516,-45597,-2918191,-31162.3125,0,R,32767,26885,75.20,76.17,37513,0,123,348,0,0
37526515,37526517,37524515,-45911,-2938294,-31352.9531,0,R,32767,27049,80.30,77.27,37523,0,123,348,0,0
37536515,37536519,37534516,-46227,-2958514,-31581.0312,0,R,32767,27212,79.30,77.18,37533,0,123,348,0,0
37546515,37546517,37544515,-46545,-2978872,-31753.9688,0,R,32767,27376,77.60,76.23,37543,0,123,348,0,0
37556515,37556518,37554516,-46865,-2999352,-31958.4375,0,R,32767,27540,76.50,76.70,37553,0,123,348,0,0
37567514,37567516,37564518,-47219,-3022018,-32157.8750,0,R,32767,27720,82.80,78.93,37564,0,123,348,0,0
37577516,37577517,37574516,-47543,-3042771,-32345.0000,0,R,32767,27884,78.40,79.33,37574,0,123,348,0,0
37588516,37588518,37584516,-47902,-3065752,-32580.4375,0,R,32767,28064,77.70,78.45,37585,0,123,348,0,0
37599514,37599516,37594516,-48264,-3088868,-32762.2344,0,R,32767,28245,80.50,79.79,37596,0,123,348,0,0
37609514,37609516,37604517,-48594,-3110030,-32957.1406,0,R,32767,28408,79.80,80.19,37606,0,123,348,0,0
37619515,37619517,37614517,-48927,-3131325,-33169.6406,0,R,32767,28572,79.30,80.43,37616,0,123,348,0,0
37629516,37629517,37624517,-49262,-3152748,-33363.2969,0,R,32767,28736,80.80,80.89,37626,0,123,348,0,0
37640514,37640515,37634517,-49632,-3176448,-33549.6562,0,R,32767,28916,85.90,81.40,37637,0,123,348,0,0
37650516,37650517,37644517,-49971,-3198140,-33774.2969,0,R,32767,29080,81.30,81.48,37647,0,123,348,0,0
37661515,37661517,37654517,-50346,-3222153,-33976.2031,0,R,32767,29260,84.20,82.75,37658,0,123,348,0,0
37671515,37671517,37664517,-50689,-3244112,-34176.0625,0,R,32767,29424,82.30,82.86,37668,0,123,348,0,0
37682514,37682516,37674516,-51069,-3268421,-34386.2188,0,R,32767,29604,81.50,83.04,37679,0,123,348,0,0
37692515,37692517,37684522,-51417,-3290662,-34589.6094,0,R,32767,29768,85.20,83.28,37689,0,123,348,0,0
37702515,37702516,37694530,-51766,-3313040,-34782.5938,0,R,32767,29932,92.20,84.76,37699,0,123,348,0,0
37712515,37712516,37704520,-52118,-3335535,-34980.4375,0,R,32767,30096,86.80,84.49,37709,0,123,348,0,0
37723515,37723516,37714516,-52507,-3360420,-35192.9375,0,R,32767,30276,81.00,84.60,37720,0,123,348,0,0
37733515,37733516,37724520,-52862,-3383183,-35396.4531,0,R,32767,30440,85.60,85.08,37730,0,123,348,0,0
37744515,37744517,37744517,-53256,-3408372,-35782.0938,0,R,32767,30620,85.00,86.33,37741,0,123,348,0,0
37754516,37754517,37754517,-53616,-3431405,-35989.1875,0,R,32767,30784,87.30,85.43,37751,0,123,348,0,0
37764516,37764517,37764517,-53978,-3454566,-36189.1250,0,R,32767,30948,86.60,85.63,37761,0,123,348,0,0
37774516,37774517,37774517,-54341,-3477847,-36376.3750,0,R,32767,31112,89.00,86.87,37771,0,123,348,0,0
37785515,37785522,37784515,-54744,-3503628,-36585.3594,0,R,32767,31292,85.60,87.00,37782,0,123,348,0,0
37795516,37795522,37794515,-55112,-3527185,-36785.2656,0,R,32767,31456,89.50,88.05,37792,0,123,348,0,0
37806515,37806517,37804517,-55519,-3553236,-36985.2031,0,R,32767,31636,88.10,88.13,37803,0,123,348,0,0
37816516,37816519,37814516,-55892,-3577075,-37196.2656,0,R,32767,31800,86.40,88.37,37813,0,123,348,0,0
37827516,37827517,37824518,-56304,-3603435,-37403.7188,0,R,32767,31980,87.60,89.13,37824,0,123,348,0,0
37838514,37838515,37834517,-56718,-3629946,-37603.7500,0,R,32767,32160,89.80,89.80,37835,0,123,348,0,0
37848515,37848517,37844516,-57097,-3654200,-37796.2031,0,R,32767,32324,155.30,99.20,37845,0,123,348,0,0
37858515,37858517,37854516,-57483,-3678936,-38296.1562,0,R,32767,32488,119.50,119.78,37855,0,123,348,0,0
37868516,37868517,37864516,-57876,-3704072,-39068.7344,0,R,32767,32652,97.20,110.43,37865,0,123,348,0,0
37879516,37879518,37874518,-58312,-3731936,-39467.0781,0,R,32767,32767,90.80,98.63,37876,0,123,348,0,0
37890516,37890517,37884518,-58748,-3759895,-39664.2969,0,R,32767,32767,85.60,90.32,37887,0,123,348,0,0
37900516,37900517,37894517,-59146,-3785355,-39743.7031,0,R,32767,32767,84.30,86.20,37897,0,123,348,0,0
37911516,37911517,37904517,-59584,-3813377,-39792.0156,0,R,32767,32767,81.60,84.61,37908,0,123,348,0,0
37922516,37922517,37914516,-60022,-3841409,-39811.9375,0,R,32767,32767,84.40,83.12,37919,0,123,348,0,0
37932516,37932517,37924516,-60420,-3866893,-39828.2969,0,R,32767,32767,85.60,83.60,37929,0,123,348,0,0
37942516,37942518,37934516,-60818,-3892384,-39819.8906,0,R,32767,32767,81.40,82.43,37939,0,123,348,0,0
37953514,37953516,37944518,-61256,-3920415,-39827.8594,0,R,32767,32767,85.20,83.49,37950,0,123,348,0,0
37963515,37963517,37954520,-61655,-3945900,-39819.8906,0,R,32767,32767,82.90,82.72,37960,0,123,348,0,0
37974515,37974517,37974517,-62093,-3973935,-39819.8906,0,R,32767,32767,85.20,82.87,37971,0,123,348,0,0
37984515,37984517,37984517,-62491,-3999422,-39823.8750,0,R,32767,32767,82.20,82.99,37981,0,123,348,0,0
37994516,37994518,37994518,-62889,-4024909,-39819.8906,0,R,32767,32767,85.60,82.62,37991,0,123,348,0,0
38005516,38005523,38004516,-63328,-4052965,-39836.2500,0,R,32767,32767,82.70,83.39,38002,0,123,348,0,0
38016516,38016518,38014517,-63765,-4080984,-39823.8750,0,R,32767,32767,82.30,82.52,38013,0,123,348,0,0
38027515,38027519,38024518,-64203,-4109016,-39823.8750,0,R,32767,32767,81.70,83.27,38024,0,123,348,0,0
38038515,38038516,38034515,-64641,-4137042,-39827.8594,0,R,32767,32767,81.40,82.62,38035,0,123,348,0,0
38048516,38048517,38044516,-65040,-4162533,-39811.9375,0,R,32767,32767,83.50,82.97,38045,0,123,348,0,0
38059514,38059517,38054515,-65478,-4190565,-39823.8750,0,R,32767,32767,80.50,82.72,38056,0,123,348,0,0
38069516,38069517,38064516,-65876,-4216049,-39811.9375,0,R,32767,32767,81.80,82.50,38066,0,123,348,0,0
38080516,38080518,38074516,-66314,-4244089,-39819.8906,0,R,32767,32767,82.30,83.19,38077,0,123,348,0,0
38091516,38091517,38084516,-66752,-4272124,-39819.8906,0,R,32767,32767,83.90,82.45,38088,0,123,348,0,0
38102514,38102516,38094517,-67190,-4300156,-39823.8750,0,R,32767,32767,83.50,83.33,38099,0,123,348,0,0
38112516,38112517,38104518,-67588,-4325645,-39828.2969,0,R,32767,32767,82.10,82.63,38109,0,123,348,0,0
38123515,38123516,38114520,-68026,-4353680,-39819.8906,0,R,32767,32767,85.60,83.45,38120,0,123,348,0,0
38134514,38134516,38134516,-68464,-4381714,-39823.8750,0,R,32767,32767,82.90,82.93,38131,0,123,348,0,0
38144514,38144515,38144515,-68862,-4407200,-39831.8594,0,R,32767,32767,83.80,82.90,38141,0,123,348,0,0
38154515,38154517,38154517,-69261,-4432692,-39823.8750,0,R,32767,32767,82.20,83.35,38151,0,123,348,0,0
38164516,38164518,38164518,-69659,-4458182,-39823.8750,0,R,32767,32767,83.30,82.51,38161,0,123,348,0,0
38175515,38175522,38174516,-70097,-4486229,-39823.8750,0,R,32767,32767,84.70,83.97,38172,0,123,348,0,0
38186514,38186515,38184516,-70535,-4514251,-39832.2656,0,R,32767,32767,81.90,82.86,38183,0,123,348,0,0
38196514,38196516,38194515,-70934,-4539746,-39831.8594,0,R,32767,32767,85.10,83.51,38193,0,123,348,0,0
38206516,38206518,38204517,-71332,-4565238,-39823.8750,0,R,32767,32767,81.90,83.03,38203,0,123,348,0,0
38217514,38217516,38214516,-71770,-4593270,-39823.8750,0,R,32767,32767,81.90,82.85,38214,0,123,348,0,0
38227516,38227517,38224517,-72168,-4618760,-39820.3438,0,R,32767,32767,85.10,83.56,38224,0,123,348,0,0
38237516,38237517,38234516,-72566,-4644250,-39827.8594,0,R,32767,32767,81.60,82.59,38234,0,123,348,0,0
38248515,38248516,38244516,-73004,-4672277,-39819.8906,0,R,32767,32767,82.60,83.71,38245,0,123,348,0,0
38259514,38259515,38254515,-73442,-4700306,-39823.8750,0,R,32767,32767,82.00,82.90,38256,0,123,348,0,0
38269514,38269515,38264517,-73840,-4725791,-39824.3125,0,R,32767,32767,83.50,83.47,38266,0,123,348,0,0
38279514,38279516,38274517,-74239,-4751274,-39823.8750,0,R,32767,32767,81.20,83.23,38276,0,123,348,0,0
38289514,38289515,38284515,-74637,-4776758,-39827.8594,0,R,32767,32767,83.40,82.68,38286,0,123,348,0,0
38299514,38299515,38294518,-75035,-4802248,-39815.9062,0,R,32767,32767,81.90,83.37,38296,0,123,348,0,0
38309515,38309517,38304515,-75434,-4827746,-39831.8594,0,R,32767,32767,81.30,82.48,38306,0,123,348,0,0
38319516,38319518,38314517,-75832,-4853231,-39812.3906,0,R,32767,32767,82.80,83.55,38316,0,123,348,0,0
38330515,38330516,38324517,-76270,-4881265,-39819.8906,0,R,32767,32767,80.20,82.84,38327,0,123,348,0,0
38340516,38340517,38334517,-76668,-4906753,-39823.8750,0,R,32767,32767,82.50,82.97,38337,0,123,348,0,0
38351516,38351517,38344517,-77106,-4934792,-39815.9062,0,R,32767,32767,81.50,83.05,38348,0,123,348,0,0
38361516,38361518,38354518,-77504,-4960277,-39828.2969,0,R,32767,32767,82.70,82.64,38358,0,123,348,0,0
38372514,38372515,38364517,-77942,-4988306,-39819.8906,0,R,32767,32767,83.70,83.70,38369,0,123,348,0,0
38382516,38382517,38374519,-78341,-5013792,-39823.8750,0,R,32767,32767,79.40,82.32,38379,0,123,348,0,0
38393514,38393516,38384517,-78779,-5041824,-39819.8906,0,R,32767,32767,83.90,83.25,38390,0,123,348,0,0
38403515,38403516,38394519,-79177,-5067308,-39819.8906,0,R,32767,32767,82.50,82.99,38400,0,123,348,0,0
38413516,38413517,38404519,-79575,-5092796,-39812.3906,0,R,32767,32767,82.90,82.76,38410,0,123,348,0,0
38424515,38424517,38424517,-80013,-5120825,-39815.9062,0,R,32767,32767,82.70,83.36,38421,0,123,348,0,0
38434516,38434517,38434517,-80411,-5146310,-39819.8906,0,R,32767,32767,84.60,82.89,38431,0,123,348,0,0
38444516,38444518,38444518,-80809,-5171792,-39811.9375,0,R,32767,32767,84.00,83.61,38441,0,123,348,0,0
38455516,38455523,38454516,-81248,-5199840,-39815.9062,0,R,32767,32767,81.70,82.72,38452,0,123,348,0,0
38466514,38466516,38464517,-81685,-5227848,-39824.3125,0,R,32767,32767,85.30,83.96,38463,0,123,348,0,0
38476516,38476520,38474516,-82084,-5253346,-39811.9375,0,R,32767,32767,83.80,83.35,38473,0,123,348,0,0
38487514,38487516,38484516,-82521,-5281362,-39819.8906,0,R,32767,32767,85.70,83.57,38484,0,123,348,0,0
38497516,38497517,38494516,-82920,-5306850,-39815.9062,0,R,32767,32767,81.30,83.34,38494,0,123,348,0,0
38508515,38508518,38504516,-83358,-5334885,-39815.9062,0,R,32767,32767,83.10,83.39,38505,0,123,348,0,0
38518515,38518517,38514516,-83756,-5360364,-39811.9375,0,R,32767,32767,86.20,84.21,38515,0,123,348,0,0
38529514,38529516,38524517,-84194,-5388386,-39812.3906,0,R,32767,32767,81.40,82.94,38526,0,123,348,0,0
38539516,38539517,38534516,-84592,-5413873,-39819.8906,0,R,32767,32767,84.80,84.05,38536,0,123,348,0,0
38550514,38550516,38544517,-85030,-5441895,-39815.9062,0,R,32767,32767,81.40,83.10,38547,0,123,348,0,0
38560514,38560516,38554517,-85428,-5467380,-39819.8906,0,R,32767,32767,83.90,83.55,38557,0,123,348,0,0
38570515,38570517,38564517,-85826,-5492870,-39819.8906,0,R,32767,32767,79.90,83.35,38567,0,123,348,0,0
38581515,38581516,38574517,-86264,-5520902,-39832.2656,0,R,32767,32767,81.80,82.66,38578,0,123,348,0,0
38591516,38591518,38584519,-86662,-5546392,-39811.9375,0,R,32767,32767,82.20,83.64,38588,0,123,348,0,0
38602514,38602516,38594516,-87100,-5574424,-39823.8750,0,R,32767,32767,80.60,82.37,38599,0,123,348,0,0
38612516,38612518,38604517,-87499,-5599909,-39815.9062,0,R,32767,32767,83.60,83.43,38609,0,123,348,0,0
38623514,38623516,38614517,-87937,-5627938,-39819.8906,0,R,32767,32767,82.10,82.89,38620,0,123,348,0,0
38633514,38633516,38624518,-88335,-5653423,-39819.8906,0,R,32767,32767,84.30,83.07,38630,0,123,348,0,0
38643516,38643518,38634519,-88733,-5678913,-39815.9062,0,R,32767,32767,82.00,83.37,38640,0,123,348,0,0
38654515,38654516,38654516,-89171,-5706945,-39823.8750,0,R,32767,32767,83.90,82.54,38651,0,123,348,0,0
38664516,38664517,38664517,-89569,-5732429,-39815.9062,0,R,32767,32767,83.50,83.49,38661,0,123,348,0,0
38675516,38675522,38674517,-90007,-5760474,-39819.8906,0,R,32767,32767,84.70,82.84,38672,0,123,348,0,0
38685516,38685522,38684516,-90406,-5785964,-39828.2969,0,R,32767,32767,86.40,83.70,38682,0,123,348,0,0
38696515,38696521,38694516,-90844,-5813994,-39815.9062,0,R,32767,32767,83.00,83.12,38693,0,123,348,0,0
38706516,38706519,38704517,-91242,-5839473,-39819.8906,0,R,32767,32767,85.90,83.54,38703,0,123,348,0,0
38716516,38716518,38714516,-91640,-5864956,-39819.8906,0,R,32767,32767,84.40,83.55,38713,0,123,348,0,0
38727514,38727515,38724518,-92078,-5892985,-39819.8906,0,R,32767,32767,86.70,83.32,38724,0,123,348,0,0
38737514,38737516,38734517,-92476,-5918467,-39812.3906,0,R,32767,32767,84.60,83.80,38734,0,123,348,0,0
38747514,38747516,38744517,-92874,-5943952,-39819.8906,0,R,32767,32767,81.30,82.65,38744,0,123,348,0,0
38757514,38757516,38754517,-93272,-5969432,-39811.9375,0,R,32767,32767,84.60,83.59,38754,0,123,348,0,0
38767515,38767518,38764517,-93671,-5994917,-39819.8906,0,R,32767,32767,83.80,83.07,38764,0,123,348,0,0
38777516,38777517,38774516,-94069,-6020399,-39815.9062,0,R,32767,32767,83.90,83.06,38774,0,123,348,0,0
38788515,38788517,38784516,-94507,-6048428,-39819.8906,0,R,32767,32767,81.70,83.53,38785,0,123,348,0,0
38798516,38798518,38794516,-94905,-6073916,-39824.3125,0,R,32767,32767,85.70,83.04,38795,0,123,348,0,0
38809516,38809517,38804517,-95343,-6101945,-39811.9375,0,R,32767,32767,82.80,83.57,38806,0,123,348,0,0
38820514,38820516,38814516,-95781,-6129969,-39819.8906,0,R,32767,32767,80.10,82.76,38817,0,123,348,0,0
38830514,38830516,38824517,-96179,-6155454,-39819.8906,0,R,32767,32767,84.90,83.86,38827,0,123,348,0,0
38840514,38840516,38834516,-96577,-6180939,-39819.8906,0,R,32767,32767,84.00,83.45,38837,0,123,348,0,0
38850516,38850518,38844517,-96976,-6206434,-39812.3906,0,R,32767,32767,82.60,83.03,38847,0,123,348,0,0
38860516,38860518,38854517,-97374,-6231919,-39819.8906,0,R,32767,32767,85.80,83.95,38857,0,123,348,0,0
38870516,38870518,38864519,-97772,-6257404,-39815.9062,0,R,32767,32767,81.60,82.96,38867,0,123,348,0,0
38880516,38880518,38874517,-98170,-6282888,-39823.8750,0,R,32767,32767,85.60,83.99,38877,0,123,348,0,0
38891516,38891518,38884516,-98608,-6310913,-39815.9062,0,R,32767,32767,81.60,83.14,38888,0,123,348,0,0
38901516,38901518,38894517,-99006,-6336397,-39828.2969,0,R,32767,32767,83.70,83.48,38898,0,123,348,0,0
38911516,38911517,38904517,-99404,-6361880,-39819.8906,0,R,32767,32767,81.90,83.61,38908,0,123,348,0,0
38922515,38922517,38914516,-99842,-6389909,-39811.9375,0,R,32767,32767,83.40,83.08,38919,0,123,348,0,0
38932515,38932516,38924519,-100240,-6415391,-39819.8906,0,R,32767,32767,82.00,83.61,38929,0,123,348,0,0
38942515,38942516,38934518,-100639,-6440869,-39815.9062,0,R,32767,32767,80.70,82.54,38939,0,123,348,0,0
38952516,38952517,38944520,-101037,-6466356,-39816.3750,0,R,32767,32767,83.10,83.39,38949,0,123,348,0,0
38963515,38963517,38954519,-101475,-6494390,-39811.9375,0,R,32767,32767,80.20,82.98,38960,0,123,348,0,0
38974514,38974516,38974516,-101913,-6522425,-39815.9062,0,R,32767,32767,83.90,83.21,38971,0,123,348,0,0
38984514,38984516,38984516,-102311,-6547907,-39815.9062,0,R,32767,32767,82.20,83.23,38981,0,123,348,0,0
38994515,38994517,38994517,-102709,-6573389,-39811.9375,0,R,32767,32767,82.50,82.63,38991,0,123,348,0,0
39004515,39004517,39004517,-103107,-6598872,-39815.9062,0,R,32767,32767,83.50,83.62,39001,0,123,348,0,0
39014516,39014517,39014517,-103506,-6624359,-39824.3125,0,R,32767,32767,79.50,82.55,39011,0,123,348,0,0
39025516,39025522,39024516,-103944,-6652401,-39811.9375,0,R,32767,32767,83.60,83.37,39022,0,123,348,0,0
39036515,39036518,39034518,-104382,-6680423,-39815.9062,0,R,32767,32767,82.30,83.12,39033,0,123,348,0,0
39046515,39046517,39044516,-104780,-6705900,-39815.9062,0,R,32767,32767,87.20,83.22,39043,0,123,348,0,0
39057516,39057518,39054517,-105218,-6733935,-39815.9062,0,R,32767,32767,82.90,83.57,39054,0,123,348,0,0
39068514,39068516,39064518,-105656,-6761959,-39811.9375,0,R,32767,32767,83.30,83.06,39065,0,123,348,0,0
39078515,39078516,39074517,-106054,-6787444,-39816.3750,0,R,32767,32767,83.80,83.78,39075,0,123,348,0,0
39088515,39088516,39084516,-106452,-6812926,-39811.9375,0,R,32767,32767,81.40,82.51,39085,0,123,348,0,0
39098515,39098517,39094516,-106850,-6838413,-39819.8906,0,R,32767,32767,85.90,83.60,39095,0,123,348,0,0
39108516,39108518,39104515,-107248,-6863898,-39815.9062,0,R,32767,32767,84.00,83.21,39105,0,123,348,0,0
39118516,39118517,39114518,-107647,-6889376,-39815.9062,0,R,32767,32767,83.20,82.90,39115,0,123,348,0,0
39128516,39128518,39124517,-108045,-6914860,-39815.9062,0,R,32767,32767,85.40,83.71,39125,0,123,348,0,0
39139515,39139516,39134517,-108483,-6942887,-39828.2969,0,R,32767,32767,85.90,83.14,39136,0,123,348,0,0
39149515,39149517,39144515,-108881,-6968372,-39815.9062,0,R,32767,32767,84.70,83.91,39146,0,123,348,0,0
39159515,39159516,39154516,-109279,-6993854,-39811.9375,0,R,32767,32767,83.00,83.00,39156,0,123,348,0,0
39169516,39169518,39164518,-109677,-7019339,-39819.8906,0,R,32767,32767,85.30,83.50,39166,0,123,348,0,0
39179516,39179518,39174517,-110075,-7044821,-39811.9375,0,R,32767,32767,82.00,83.42,39176,0,123,348,0,0
39189516,39189518,39184517,-110474,-7070309,-39815.9062,0,R,32767,32767,86.30,83.27,39186,0,123,348,0,0
39200514,39200516,39194515,-110912,-7098336,-39819.8906,0,R,32767,32767,82.30,83.53,39197,0,123,348,0,0
39210516,39210517,39204517,-111310,-7123820,-39808.4219,0,R,32767,32767,83.40,82.74,39207,0,123,348,0,0
39221516,39221517,39214515,-111748,-7151850,-39811.9375,0,R,32767,32767,85.10,83.92,39218,0,123,348,0,0
39232515,39232517,39224518,-112186,-7179877,-39815.9062,0,R,32767,32767,81.60,82.91,39229,0,123,348,0,0
39242516,39242517,39234517,-112584,-7205361,-39819.8906,0,R,32767,32767,84.70,83.59,39239,0,123,348,0,0
39253515,39253516,39244517,-113022,-7233383,-39815.9062,0,R,32767,32767,81.50,83.29,39250,0,123,348,0,0
39263515,39263517,39254528,-113420,-7258868,-39820.3438,0,R,32767,32767,84.30,82.96,39260,0,123,348,0,0
39274515,39274517,39274517,-113858,-7286902,-39819.8906,0,R,32767,32767,81.30,83.57,39271,0,123,348,0,0
39285514,39285522,39284515,-114296,-7314952,-39819.8906,0,R,32767,32767,81.70,82.51,39282,0,123,348,0,0
39295514,39295522,39294516,-114694,-7340440,-39819.8906,0,R,32767,32767,83.10,83.37,39292,0,123,348,0,0
39305515,39305521,39304515,-115092,-7365920,-39823.8750,0,R,32767,32767,79.90,82.45,39302,0,123,348,0,0
39315516,39315521,39314517,-115491,-7391404,-39812.3906,0,R,32767,32767,84.00,83.07,39312,0,123,348,0,0
39325516,39325523,39324518,-115889,-7416894,-39819.8906,0,R,32767,32767,80.50,83.21,39322,0,123,348,0,0
39336514,39336516,39334517,-116327,-7444911,-39819.8906,0,R,32767,32767,82.50,82.79,39333,0,123,348,0,0
39346516,39346518,39344516,-116725,-7470401,-39819.8906,0,R,32767,32767,83.30,83.52,39343,0,123,348,0,0
39356516,39356520,39354515,-117123,-7495893,-39823.8750,0,R,32767,32767,80.70,82.53,39353,0,123,348,0,0
39367515,39367516,39364516,-117561,-7523917,-39828.2969,0,R,32767,32767,83.60,83.41,39364,0,123,348,0,0
39378515,39378516,39374516,-117999,-7551952,-39819.8906,0,R,32767,32767,82.20,82.81,39375,0,123,348,0,0
39389516,39389517,39384516,-118437,-7579992,-39823.8750,0,R,32767,32767,86.10,83.38,39386,0,123,348,0,0
39400515,39400517,39394516,-118875,-7608026,-39819.8906,0,R,32767,32767,83.50,82.99,39397,0,123,348,0,0
39410516,39410517,39404518,-119274,-7633519,-39816.3750,0,R,32767,32767,85.30,83.13,39407,0,123,348,0,0
39420516,39420517,39414517,-119672,-7659004,-39819.8906,0,R,32767,32767,83.00,83.81,39417,0,123,348,0,0
39431515,39431517,39424515,-120110,-7687038,-39827.8594,0,R,32767,32767,85.50,83.12,39428,0,123,348,0,0
39441515,39441517,39434516,-120508,-7712525,-39819.8906,0,R,32767,32767,82.60,83.68,39438,0,123,348,0,0
39452516,39452517,39444516,-120946,-7740562,-39823.8750,0,R,32767,32767,82.60,82.97,39449,0,123,348,0,0
39462516,39462517,39454519,-121344,-7766048,-39832.2656,0,R,32767,32767,85.60,83.80,39459,0,123,348,0,0
39472516,39472517,39464518,-121743,-7791532,-39823.8750,0,R,32767,32767,84.10,83.29,39469,0,123,348,0,0
39483516,39483517,39474519,-122181,-7819564,-39823.8750,0,R,32767,32767,82.90,82.99,39480,0,123,348,0,0
39494514,39494516,39494516,-122619,-7847591,-39823.8750,0,R,32767,32767,81.60,83.80,39491,0,123,348,0,0
39504515,39504516,39504516,-123017,-7873081,-39827.8594,0,R,32767,32767,83.10,82.95,39501,0,123,348,0,0
39515514,39515519,39514516,-123455,-7901123,-39823.8750,0,R,32767,32767,82.30,83.55,39512,0,123,348,0,0
39525515,39525522,39524517,-123854,-7926624,-39819.8906,0,R,32767,32767,82.00,83.08,39522,0,123,348,0,0
39535515,39535521,39534516,-124252,-7952106,-39832.2656,0,R,32767,32767,83.60,83.44,39532,0,123,348,0,0
39546515,39546516,39544515,-124690,-7980133,-39823.8750,0,R,32767,32767,80.70,83.09,39543,0,123,348,0,0
39556515,39556519,39554517,-125088,-8005622,-39815.9062,0,R,32767,32767,82.10,82.81,39553,0,123,348,0,0
39567514,39567515,39564516,-125526,-8033652,-39827.8594,0,R,32767,32767,82.30,83.29,39564,0,123,348,0,0
39577514,39577517,39574516,-125924,-8059142,-39819.8906,0,R,32767,32767,82.50,82.53,39574,0,123,348,0,0
39587514,39587516,39584515,-126322,-8084626,-39819.8906,0,R,32767,32767,83.10,83.36,39584,0,123,348,0,0
39597514,39597516,39594516,-126720,-8110111,-39819.8906,0,R,32767,32767,82.00,82.89,39594,0,123,348,0,0
39607516,39607518,39604517,-127119,-8135601,-39823.8750,0,R,32767,32767,83.70,83.28,39604,0,123,348,0,0
39618516,39618518,39614516,-127557,-8163636,-39823.8750,0,R,32767,32767,81.70,83.14,39615,0,123,348,0,0
39629514,39629515,39624517,-127995,-8191668,-39832.2656,0,R,32767,32767,85.40,82.95,39626,0,123,348,0,0
39639514,39639515,39634516,-128393,-8217155,-39827.8594,0,R,32767,32767,83.30,83.52,39636,0,123,348,0,0
39649516,39649517,39644517,-128791,-8242648,-39819.8906,0,R,32767,32767,84.50,82.74,39646,0,123,348,0,0
39660515,39660516,39654516,-129229,-8270680,-39827.8594,0,R,32767,32767,85.30,83.70,39657,0,123,348,0,0
39670515,39670517,39664516,-129628,-8296175,-39816.3750,0,R,32767,32767,82.50,82.89,39667,0,123,348,0,0
39681515,39681516,39674515,-130066,-8324212,-39831.8594,0,R,32767,32767,85.50,83.65,39678,0,123,348,0,0
39691516,39691517,39684518,-130464,-8349702,-39823.8750,0,R,32767,32767,82.50,83.38,39688,0,123,348,0,0
39702514,39702516,39694516,-130902,-8377736,-39832.2656,0,R,32767,32767,86.90,83.19,39699,0,123,348,0,0
39712516,39712518,39704516,-131300,-8403229,-39823.8750,0,R,32767,32767,82.30,83.70,39709,0,123,348,0,0
39723514,39723515,39714516,-131738,-8431258,-39819.8906,0,R,32767,32767,84.30,83.07,39720,0,123,348,0,0
39733514,39733515,39724520,-132137,-8456743,-39827.8594,0,R,32767,32767,84.10,83.70,39730,0,123,348,0,0
39743516,39743518,39734518,-132535,-8482238,-39820.3438,0,R,32767,32767,82.50,82.86,39740,0,123,348,0,0
39754514,39754516,39754516,-132973,-8510268,-39827.8594,0,R,32767,32767,84.60,83.24,39751,0,123,348,0,0
39764516,39764517,39764517,-133371,-8535760,-39827.8594,0,R,32767,32767,85.80,83.72,39761,0,123,348,0,0
39774516,39774517,39774517,-133770,-8561255,-39836.2500,0,R,32767,32767,81.60,82.80,39771,0,123,348,0,0
39785514,39785521,39784516,-134208,-8589292,-39819.8906,0,R,32767,32767,82.80,83.60,39782,0,123,348,0,0
39795515,39795521,39794517,-134606,-8614780,-39823.8750,0,R,32767,32767,80.30,82.69,39792,0,123,348,0,0
39806516,39806518,39804516,-135044,-8642806,-39823.8750,0,R,32767,32767,82.40,83.47,39803,0,123,348,0,0
39817514,39817516,39814517,-135482,-8670844,-39820.3438,0,R,32767,32767,80.10,82.89,39814,0,123,348,0,0
39827516,39827517,39824517,-135880,-8696333,-39827.8594,0,R,32767,32767,83.60,83.07,39824,0,123,348,0,0
39838516,39838518,39834516,-136318,-8724376,-39823.8750,0,R,32767,32767,82.60,83.20,39835,0,123,348,0,0
39848516,39848518,39844517,-136717,-8749863,-39827.8594,0,R,32767,32767,82.20,82.68,39845,0,123,348,0,0
39858516,39858518,39854517,-137115,-8775353,-39832.2656,0,R,32767,32767,83.40,83.48,39855,0,123,348,0,0
39868516,39868517,39864517,-137513,-8800843,-39835.8281,0,R,32767,32767,80.00,82.47,39865,0,123,348,0,0
39878516,39878518,39874517,-137912,-8826338,-39827.8594,0,R,32767,32767,83.50,83.25,39875,0,123,348,0,0
39889516,39889517,39884515,-138350,-8854383,-39831.8594,0,R,32767,32767,83.10,82.72,39886,0,123,348,0,0
39900514,39900515,39894517,-138788,-8882417,-39824.3125,0,R,32767,32767,86.90,83.02,39897,0,123,348,0,0
39910516,39910518,39904518,-139186,-8907917,-39827.8594,0,R,32767,32767,83.10,83.45,39907,0,123,348,0,0
39921514,39921515,39914517,-139624,-8935947,-39840.2344,0,R,32767,32767,84.30,82.88,39918,0,123,348,0,0
39931516,39931518,39924519,-140023,-8961442,-39827.8594,0,R,32767,32767,86.20,83.56,39928,0,123,348,0,0
39941516,39941517,39934517,-140421,-8986932,-39831.8594,0,R,32767,32767,82.30,82.52,39938,0,123,348,0,0
39952514,39952515,39944516,-140859,-9014966,-39827.8594,0,R,32767,32767,85.60,83.74,39949,0,123,348,0,0
39962516,39962517,39954517,-141257,-9040464,-39824.3125,0,R,32767,32767,83.60,83.07,39959,0,123,348,0,0
39972516,39972517,39964518,-141656,-9065957,-39831.8594,0,R,32767,32767,82.80,82.69,39969,0,123,348,0,0
39983516,39983517,39974517,-142094,-9093999,-39827.8594,0,R,32767,32767,82.60,83.38,39980,0,123,348,0,0
39993516,39993517,39984521,-142492,-9119489,-39836.2500,0,R,32767,32767,86.10,83.17,39990,0,123,348,0,0
40003516,40003518,39994518,-142890,-9144981,-39827.8594,0,R,32767,32767,83.60,83.82,40000,0,123,348,0,0
40014514,40014516,40014516,-143328,-9173016,-39823.8750,0,R,32767,32767,83.00,82.98,40011,0,123,348,0,0
40024514,40024515,40024515,-143727,-9198501,-39824.3125,0,R,32767,32767,85.60,83.53,40021,0,123,348,0,0
40034515,40034517,40034517,-144125,-9223996,-39827.8594,0,R,32767,32767,81.10,83.11,40031,0,123,348,0,0
40044516,40044517,40044517,-144523,-9249488,-39831.8594,0,R,32767,32767,82.90,83.02,40041,0,123,348,0,0
40055515,40055521,40054516,-144962,-9277541,-39840.2344,0,R,32767,32767,86.10,83.85,40052,0,123,348,0,0
40066514,40066517,40064517,-145399,-9305562,-39827.8594,0,R,32767,32767,81.70,82.92,40063,0,123,348,0,0
40076514,40076517,40074516,-145798,-9331060,-39835.8281,0,R,32767,32767,81.40,83.65,40073,0,123,348,0,0
40086515,40086516,40084516,-146196,-9356552,-39824.3125,0,R,32767,32767,81.50,83.09,40083,0,123,348,0,0
40096515,40096518,40094516,-146594,-9382048,-39831.8594,0,R,32767,32767,83.40,83.28,40093,0,123,348,0,0
40106516,40106519,40104516,-146993,-9407540,-39831.8594,0,R,32767,32767,81.50,83.50,40103,0,123,348,0,0
40117515,40117516,40114518,-147431,-9435567,-39832.2656,0,R,32767,32767,83.30,82.83,40114,0,123,348,0,0
40128514,40128516,40124515,-147869,-9463606,-39831.8594,0,R,32767,32767,82.50,83.67,40125,0,123,348,0,0
40138516,40138518,40134517,-148267,-9489101,-39827.8594,0,R,32767,32767,80.40,82.61,40135,0,123,348,0,0
40148516,40148517,40144518,-148666,-9514594,-39827.8594,0,R,32767,32767,83.30,83.62,40145,0,123,348,0,0
40159515,40159517,40154517,-149104,-9542636,-39820.3438,0,R,32767,32767,80.90,82.97,40156,0,123,348,0,0
40169516,40169517,40164516,-149502,-9568129,-39827.8594,0,R,32767,32767,83.10,82.90,40166,0,123,348,0,0
40180515,40180516,40174516,-149940,-9596166,-39827.8594,0,R,32767,32767,82.70,83.47,40177,0,123,348,0,0
40190516,40190517,40184516,-150338,-9621658,-39827.8594,0,R,32767,32767,82.80,82.79,40187,0,123,348,0,0
40201515,40201516,40194516,-150776,-9649695,-39832.2656,0,R,32767,32767,83.70,83.52,40198,0,123,348,0,0
40211516,40211517,40204516,-151175,-9675185,-39831.8594,0,R,32767,32767,81.60,82.64,40208,0,123,348,0,0
40222515,40222516,40214518,-151613,-9703220,-39827.8594,0,R,32767,32767,86.20,83.52,40219,0,123,348,0,0
40233515,40233517,40224517,-152051,-9731265,-39820.3438,0,R,32767,32767,83.10,83.00,40230,0,123,348,0,0
40244515,40244517,40244517,-152489,-9759304,-39835.8281,0,R,32767,32767,85.50,83.30,40241,0,123,348,0,0
40254515,40254517,40254517,-152888,-9784800,-39836.2500,0,R,32767,32767,82.40,83.51,40251,0,123,348,0,0
40264515,40264517,40264517,-153286,-9810292,-39831.8594,0,R,32767,32767,86.10,83.08,40261,0,123,348,0,0
40274515,40274516,40274516,-153684,-9835777,-39823.8750,0,R,32767,32767,85.20,83.71,40271,0,123,348,0,0
40285515,40285521,40284516,-154122,-9863832,-39827.8594,0,R,32767,32767,82.90,82.94,40282,0,123,348,0,0
40295515,40295519,40294518,-154521,-9889312,-39820.3438,0,R,32767,32767,84.90,83.77,40292,0,123,348,0,0
40305516,40305523,40304516,-154919,-9914806,-39831.8594,0,R,32767,32767,82.70,83.27,40302,0,123,348,0,0
40316514,40316518,40314516,-155357,-9942838,-39827.8594,0,R,32767,32767,83.60,83.35,40313,0,123,348,0,0
40326516,40326518,40324517,-155755,-9968328,-39836.2500,0,R,32767,32767,85.70,83.67,40323,0,123,348,0,0
40337515,40337519,40334517,-156193,-9996360,-39827.8594,0,R,32767,32767,82.00,82.76,40334,0,123,348,0,0
40347516,40347518,40344517,-156591,-10021848,-39823.8750,0,R,32767,32767,83.30,83.70,40344,0,123,348,0,0
40358515,40358517,40354517,-157029,-10049874,-39823.8750,0,R,32767,32767,81.40,82.73,40355,0,123,348,0,0
40369514,40369516,40364518,-157467,-10077912,-39819.8906,0,R,32767,32767,83.10,83.62,40366,0,123,348,0,0
40379515,40379516,40374516,-157866,-10103404,-39816.3750,0,R,32767,32767,80.40,83.07,40376,0,123,348,0,0
40390516,40390517,40384516,-158304,-10131449,-39827.8594,0,R,32767,32767,83.90,83.05,40387,0,123,348,0,0
40401514,40401516,40394517,-158742,-10159486,-39823.8750,0,R,32767,32767,81.90,83.20,40398,0,123,348,0,0
40411514,40411516,40404518,-159140,-10184973,-39836.2500,0,R,32767,32767,82.50,82.59,40408,0,123,348,0,0
40421514,40421516,40414517,-159538,-10210463,-39827.8594,0,R,32767,32767,84.20,83.47,40418,0,123,348,0,0
40431515,40431517,40424517,-159937,-10235948,-39823.8750,0,R,32767,32767,81.60,82.68,40428,0,123,348,0,0
40442516,40442517,40434517,-160375,-10263988,-39827.8594,0,R,32767,32767,87.10,83.72,40439,0,123,348,0,0
40452516,40452517,40444517,-160773,-10289475,-39823.8750,0,R,32767,32767,82.80,83.35,40449,0,123,348,0,0
40463515,40463517,40454517,-161211,-10317510,-39823.8750,0,R,32767,32767,86.30,83.40,40460,0,123,348,0,0
40473515,40473517,40464518,-161609,-10342997,-39819.8906,0,R,32767,32767,85.20,83.87,40470,0,123,348,0,0
40483515,40483517,40474520,-162008,-10368485,-39823.8750,0,R,32767,32767,85.20,83.07,40480,0,123,348,0,0
40493515,40493516,40484520,-162406,-10393969,-39828.2969,0,R,32767,32767,83.40,83.71,40490,0,123,348,0,0
40503516,40503517,40494520,-162804,-10419457,-39815.9062,0,R,32767,32767,82.20,83.16,40500,0,123,348,0,0
40514514,40514516,40514516,-163242,-10447486,-39819.8906,0,R,32767,32767,86.30,83.80,40511,0,123,348,0,0
40524514,40524516,40524516,-163640,-10472971,-39819.8906,0,R,32767,32767,82.50,83.37,40521,0,123,348,0,0
40534514,40534516,40534516,-164038,-10498453,-39815.9062,0,R,32767,32767,84.30,83.29,40531,0,123,348,0,0
40544515,40544517,40544517,-164437,-10523936,-39812.3906,0,R,32767,32767,86.70,84.17,40541,0,123,348,0,0
40554515,40554517,40554517,-164835,-10549420,-39819.8906,0,R,32767,32767,82.90,83.11,40551,0,123,348,0,0
40565516,40565524,40564516,-165273,-10577473,-39815.9062,0,R,32767,32767,85.00,84.19,40562,0,123,348,0,0
40576515,40576517,40574516,-165711,-10605487,-39823.8750,0,R,32767,32767,82.70,83.42,40573,0,123,348,0,0
40586516,40586520,40584516,-166109,-10630982,-39819.8906,0,R,32767,32767,85.90,83.97,40583,0,123,348,0,0
40596516,40596518,40594515,-166507,-10656464,-39832.2656,0,R,32767,32767,81.40,83.65,40593,0,123,348,0,0
40607514,40607515,40604517,-166945,-10684491,-39823.8750,0,R,32767,32767,83.50,83.33,40604,0,123,348,0,0
40617515,40617517,40614516,-167344,-10709984,-39815.9062,0,R,32767,32767,86.40,84.35,40614,0,123,348,0,0
40627516,40627517,40624516,-167742,-10735471,-39823.8750,0,R,32767,32767,83.20,83.42,40624,0,123,348,0,0
40638515,40638517,40634517,-168180,-10763500,-39815.9062,0,R,32767,32767,85.70,84.63,40635,0,123,348,0,0
40648515,40648517,40644516,-168578,-10788985,-39816.3750,0,R,32767,32767,82.20,83.77,40645,0,123,348,0,0
40658515,40658516,40654516,-168976,-10814465,-39815.9062,0,R,32767,32767,84.00,83.93,40655,0,123,348,0,0
40669515,40669517,40664516,-169414,-10842492,-39815.9062,0,R,32767,32767,81.90,84.35,40666,0,123,348,0,0
40679515,40679517,40674516,-169812,-10867974,-39819.8906,0,R,32767,32767,83.80,83.47,40676,0,123,348,0,0
40690515,40690517,40684517,-170250,-10896006,-39811.9375,0,R,32767,32767,82.90,84.15,40687,0,123,348,0,0
40701516,40701518,40694515,-170688,-10924040,-39819.8906,0,R,32767,32767,81.70,83.18,40698,0,123,348,0,0
40712515,40712516,40704518,-171126,-10952070,-39820.3438,0,R,32767,32767,84.60,84.23,40709,0,123,348,0,0
40723515,40723517,40714519,-171564,-10980102,-39815.9062,0,R,32767,32767,82.80,83.55,40720,0,123,348,0,0
40734515,40734516,40734516,-172002,-11008134,-39827.8594,0,R,32767,32767,87.20,84.18,40731,0,123,348,0,0
40745514,40745519,40744516,-172440,-11036171,-39811.9375,0,R,32767,32767,83.40,83.66,40742,0,123,348,0,0
40755515,40755520,40754517,-172838,-11061656,-39819.8906,0,R,32767,32767,85.60,83.80,40752,0,123,348,0,0
40765516,40765524,40764517,-173237,-11087146,-39812.3906,0,R,32767,32767,85.80,84.26,40762,0,123,348,0,0
40776515,40776518,40774518,-173674,-11115167,-39815.9062,0,R,32767,32767,84.00,83.52,40773,0,123,348,0,0
40787514,40787517,40784515,-174112,-11143192,-39815.9062,0,R,32767,32767,83.20,84.26,40784,0,123,348,0,0
40797515,40797519,40794516,-174511,-11168672,-39807.9531,0,R,32767,32767,83.80,83.68,40794,0,123,348,0,0
40808514,40808516,40804518,-174948,-11196696,-39807.9531,0,R,32767,32767,86.20,84.83,40805,0,123,348,0,0
40818516,40818518,40814516,-175347,-11222178,-39815.9062,0,R,32767,32767,84.50,84.41,40815,0,123,348,0,0
40829516,40829518,40824515,-175784,-11250202,-39811.9375,0,R,32767,32767,85.50,84.59,40826,0,123,348,0,0
40840515,40840517,40834517,-176222,-11278219,-39807.9531,0,R,32767,32767,82.70,84.37,40837,0,123,348,0,0
40851515,40851517,40844517,-176660,-11306246,-39820.3438,0,R,32767,32767,83.70,83.93,40848,0,123,348,0,0
40862515,40862516,40854518,-177098,-11334278,-39807.9531,0,R,32767,32767,83.00,84.46,40859,0,123,348,0,0
40873516,40873518,40864516,-177536,-11362310,-39811.9375,0,R,32767,32767,83.40,83.54,40870,0,123,348,0,0
40884514,40884516,40884516,-177974,-11390334,-39811.9375,0,R,32767,32619,84.80,84.44,40881,0,123,348,0,0
40894515,40894517,40894517,-178372,-11415816,-39811.9375,0,R,32767,32455,82.40,83.56,40891,0,123,348,0,0
40904515,40904517,40904517,-178770,-11441296,-39811.9375,0,R,32767,32291,84.90,84.35,40901,0,123,348,0,0
40915515,40915522,40914516,-179205,-11469090,-39503.9375,0,R,32767,32111,37.40,54.60,40912,0,123,348,0,0
40926515,40926517,40924517,-179630,-11496340,-38803.8750,0,R,32767,31931,56.00,51.11,40923,0,123,348,0,0
40937514,40937515,40934515,-180050,-11523232,-38311.4688,0,R,32767,31751,64.10,56.65,40934,0,123,348,0,0
40947514,40947515,40944515,-180429,-11547458,-37946.8594,0,R,32767,31587,69.20,61.46,40944,0,123,348,0,0
40957514,40957516,40954517,-180805,-11571516,-37660.2500,0,R,32767,31423,67.30,64.18,40954,0,123,348,0,0
40967516,40967518,40964517,-181179,-11595426,-37413.9375,0,R,32767,31259,67.90,65.46,40964,0,123,348,0,0
40978515,40978516,40974516,-181587,-11621557,-37192.5469,0,R,32767,31079,70.10,66.50,40975,0,123,348,0,0
40989514,40989515,40984517,-181993,-11647524,-36988.7500,0,R,32767,30899,66.90,66.65,40986,0,123,348,0,0
40999514,40999515,40994515,-182359,-11671000,-36788.9531,0,R,32767,30735,67.50,67.42,40996,0,123,348,0,0
41009515,41009517,41004515,-182724,-11694350,-36589.0000,0,R,32767,30571,65.10,66.10,41006,0,123,348,0,0
41020516,41020517,41014516,-183123,-11719877,-36370.8906,0,R,32767,30391,65.70,65.94,41017,0,123,348,0,0
41031516,41031518,41024517,-183520,-11745250,-36167.4375,0,R,32767,30211,65.80,65.41,41028,0,123,348,0,0
41042514,41042515,41034517,-183913,-11770457,-35961.1094,0,R,32767,30030,60.30,64.32,41039,0,123,348,0,0
41052514,41052516,41044518,-184269,-11793238,-35767.7969,0,R,32767,29867,62.80,64.70,41049,0,123,348,0,0
41062515,41062516,41054516,-184624,-11815904,-35571.1250,0,R,32767,29703,63.90,64.41,41059,0,123,348,0,0
41072515,41072516,41064518,-184976,-11838443,-35367.1875,0,R,32767,29539,58.90,63.38,41069,0,123,348,0,0
41083515,41083517,41074518,-185361,-11863076,-35154.2969,0,R,32767,29359,66.90,63.88,41080,0,123,348,0,0
41093516,41093518,41084521,-185708,-11885344,-34968.5156,0,R,32767,29195,67.50,63.48,41090,0,123,348,0,0
41104514,41104516,41104516,-186089,-11909670,-34555.0625,0,R,32767,29015,64.20,62.64,41101,0,123,348,0,0
41114514,41114516,41114516,-186432,-11931664,-34365.2812,0,R,32767,28851,64.50,62.11,41111,0,123,348,0,0
41124516,41124517,41124517,-186774,-11953528,-34159.0000,0,R,32767,28687,60.70,61.15,41121,0,123,348,0,0
41135514,41135520,41134516,-187147,-11977425,-33940.7031,0,R,32767,28507,61.50,61.23,41132,0,123,348,0,0
41145516,41145522,41144516,-187485,-11999012,-33746.0000,0,R,32767,28343,57.10,60.36,41142,0,123,348,0,0
41155516,41155522,41154517,-187820,-12020478,-33573.8438,0,R,32767,28179,56.20,60.12,41152,0,123,348,0,0
41166515,41166517,41164515,-188186,-12043936,-33369.9531,0,R,32767,27999,59.20,59.95,41163,0,123,348,0,0
41177515,41177517,41174515,-188551,-12067253,-33163.5156,0,R,32767,27819,61.70,59.75,41174,0,123,348,0,0
41188515,41188517,41184518,-188913,-12090421,-32973.6094,0,R,32767,27638,58.40,59.46,41185,0,123,348,0,0
41199514,41199515,41194515,-189272,-12113434,-32772.0938,0,R,32767,27458,58.90,57.83,41196,0,123,348,0,0
41209514,41209515,41204517,-189597,-12134213,-32557.6562,0,R,32767,27294,59.90,57.86,41206,0,123,348,0,0
41219515,41219516,41214517,-189920,-12154874,-32393.5000,0,R,32767,27131,55.80,57.81,41216,0,123,348,0,0
41229515,41229516,41224517,-190241,-12175394,-32183.8906,0,R,32767,26967,53.60,56.63,41226,0,123,348,0,0
41239515,41239517,41234517,-190560,-12195808,-31983.1406,0,R,32767,26803,62.10,57.34,41236,0,123,348,0,0
41249516,41249517,41244517,-190876,-12216086,-31774.5625,0,R,32767,26639,56.70,56.69,41246,0,123,348,0,0
41260514,41260515,41254517,-191222,-12238238,-31568.4219,0,R,32767,26459,56.00,55.56,41257,0,123,348,0,0
41270514,41270516,41264515,-191535,-12258238,-31396.8438,0,R,32767,26295,53.20,56.00,41267,0,123,348,0,0
41280515,41280517,41274517,-191845,-12278101,-31168.8125,0,R,32767,26131,50.50,55.05,41277,0,123,348,0,0
41290516,41290517,41284515,-192154,-12297861,-30965.0000,0,R,32767,25967,59.00,55.23,41287,0,123,348,0,0
41301515,41301517,41294516,-192491,-12319427,-30760.0000,0,R,32767,25787,57.50,54.25,41298,0,123,348,0,0
41311515,41311516,41304516,-192795,-12338898,-30582.5469,0,R,32767,25623,55.50,53.72,41308,0,123,348,0,0
41322516,41322517,41314517,-193128,-12360175,-30372.8750,0,R,32767,25443,53.90,53.73,41319,0,123,348,0,0
41333518,41333519,41324518,-193458,-12381295,-30172.8281,0,R,32767,25263,51.40,53.96,41330,0,123,348,0,0
41344514,41344515,41344515,-193785,-12402251,-29762.4844,0,R,32767,25083,50.70,52.50,41341,0,123,348,0,0
41354514,41354516,41354516,-194081,-12421170,-29558.6094,0,R,32767,24919,54.90,52.64,41351,0,123,348,0,0
41364515,41364517,41364517,-194374,-12439964,-29361.6406,0,R,32767,24755,50.80,51.48,41361,0,123,348,0,0
41375515,41375523,41374515,-194695,-12460489,-29144.6094,0,R,32767,24575,51.60,52.18,41372,0,123,348,0,0
41385516,41385523,41384516,-194985,-12479017,-28982.6094,0,R,32767,24411,52.30,53.29,41382,0,123,348,0,0
41395516,41395522,41394517,-195272,-12497427,-28779.8438,0,R,32767,24247,55.20,51.93,41392,0,123,348,0,0
41406514,41406519,41404516,-195586,-12517512,-28557.0938,0,R,32767,24067,53.20,50.82,41403,0,123,348,0,0
41416514,41416517,41414516,-195869,-12535616,-28346.1250,0,R,32767,23903,46.10,50.05,41413,0,123,348,0,0
41426516,41426518,41424516,-196150,-12553627,-28178.8906,0,R,32767,23739,53.00,50.48,41423,0,123,348,0,0
41436516,41436518,41434515,-196430,-12571502,-27972.0156,0,R,32767,23575,51.80,49.39,41433,0,123,348,0,0
41446516,41446519,41444517,-196707,-12589242,-27747.2656,0,R,32767,23412,49.20,49.35,41443,0,123,348,0,0
41456516,41456519,41454516,-196982,-12606861,-27577.2031,0,R,32767,23248,48.20,49.33,41453,0,123,348,0,0
41466516,41466519,41464515,-197256,-12624353,-27369.8750,0,R,32767,23084,53.40,49.09,41463,0,123,348,0,0
41476516,41476518,41474517,-197527,-12641708,-27157.0156,0,R,32767,22920,45.30,48.23,41473,0,123,348,0,0
41487515,41487516,41484515,-197822,-12660640,-26978.2188,0,R,32767,22740,49.00,47.89,41484,0,123,348,0,0
41498515,41498518,41494516,-198116,-12679436,-26749.1562,0,R,32767,22560,46.80,47.83,41495,0,123,348,0,0
41508515,41508516,41504518,-198381,-12696367,-26529.1719,0,R,32767,22396,45.40,46.80,41505,0,123,348,0,0
41518515,41518517,41514516,-198643,-12713168,-26355.1875,0,R,32767,22232,45.70,46.71,41515,0,123,348,0,0
41528515,41528517,41524515,-198904,-12729859,-26147.0469,0,R,32767,22068,45.60,46.53,41525,0,123,348,0,0
41539515,41539517,41534517,-199188,-12748063,-25923.3125,0,R,32767,21888,46.20,46.26,41536,0,123,348,0,0
41549516,41549517,41544517,-199445,-12764467,-25763.9219,0,R,32767,21724,45.80,46.22,41546,0,123,348,0,0
41560515,41560516,41554517,-199725,-12782395,-25559.0938,0,R,32767,21544,46.50,45.96,41557,0,123,348,0,0
41570515,41570516,41564516,-199978,-12798561,-25355.7656,0,R,32767,21380,44.80,45.22,41567,0,123,348,0,0
41580516,41580517,41574515,-200228,-12814579,-25184.8750,0,R,32767,21216,43.90,45.29,41577,0,123,348,0,0
41590516,41590517,41584516,-200476,-12830495,-24965.0469,0,R,32767,21052,44.00,44.33,41587,0,123,348,0,0
41600516,41600518,41594516,-200723,-12846271,-24766.8594,0,R,32767,20888,43.20,43.89,41597,0,123,348,0,0
41611514,41611516,41604516,-200992,-12863481,-24582.7812,0,R,32767,20708,42.10,44.16,41608,0,123,348,0,0
41621515,41621517,41614517,-201234,-12879008,-24373.1875,0,R,32767,20544,48.20,44.08,41618,0,123,348,0,0
41632514,41632515,41624518,-201499,-12895931,-24207.2344,0,R,32767,20364,41.20,43.20,41629,0,123,348,0,0
41642514,41642515,41634519,-201737,-12911186,-23997.5781,0,R,32767,20200,46.00,43.68,41639,0,123,348,0,0
41652515,41652517,41644517,-201974,-12926326,-23785.7188,0,R,32767,20037,43.90,43.31,41649,0,123,348,0,0
41663515,41663517,41654519,-202231,-12942800,-23611.7969,0,R,32767,19856,41.30,42.00,41660,0,123,348,0,0
41674514,41674516,41674516,-202487,-12959144,-23209.2656,0,R,32767,19676,42.70,41.60,41671,0,123,348,0,0
41684515,41684516,41684516,-202717,-12973864,-22999.9844,0,R,32767,19512,40.40,41.62,41681,0,123,348,0,0
41694516,41694517,41694517,-202945,-12988464,-22809.1094,0,R,32767,19348,41.60,41.41,41691,0,123,348,0,0
41704516,41704517,41704517,-203171,-13002926,-22597.7188,0,R,32767,19185,40.60,40.52,41701,0,123,348,0,0
41715515,41715520,41714516,-203417,-13018677,-22379.8438,0,R,32767,19004,40.60,40.87,41712,0,123,348,0,0
41725516,41725523,41724516,-203639,-13032886,-22211.0938,0,R,32767,18841,38.60,40.34,41722,0,123,348,0,0
41736515,41736517,41734517,-203880,-13048348,-21989.0000,0,R,32767,18660,39.80,40.53,41733,0,123,348,0,0
41746515,41746519,41744517,-204098,-13062284,-21815.2656,0,R,32767,18496,42.20,39.60,41743,0,123,348,0,0
41757514,41757515,41754518,-204335,-13077455,-21602.1406,0,R,32767,18316,39.80,39.85,41754,0,123,348,0,0
41767516,41767518,41764516,-204549,-13091128,-21427.8438,0,R,32767,18152,38.80,39.49,41764,0,123,348,0,0
41777516,41777517,41774516,-204760,-13104672,-21216.9531,0,R,32767,17989,37.90,38.10,41774,0,123,348,0,0
41788514,41788515,41784517,-204991,-13119405,-21023.1094,0,R,32767,17808,37.80,37.56,41785,0,123,348,0,0
41798514,41798515,41794516,-205198,-13132693,-20822.9375,0,R,32767,17645,35.30,36.95,41795,0,123,348,0,0
41808514,41808515,41804517,-205404,-13145831,-20628.8594,0,R,32767,17481,36.00,36.67,41805,0,123,348,0,0
41818514,41818516,41814517,-205607,-13158864,-20426.5312,0,R,32767,17317,37.30,36.81,41815,0,123,348,0,0
41828514,41828517,41824516,-205809,-13171760,-20242.4844,0,R,32767,17153,38.40,37.42,41825,0,123,348,0,0
41838514,41838516,41834516,-206009,-13184547,-20042.0625,0,R,32767,16989,35.80,36.73,41835,0,123,348,0,0
41848515,41848517,41844517,-206206,-13197197,-19856.2969,0,R,32767,16825,37.40,36.28,41845,0,123,348,0,0
41859514,41859515,41854516,-206421,-13210964,-19645.1562,0,R,32767,16645,35.00,35.49,41856,0,123,348,0,0
41869514,41869516,41864517,-206615,-13223328,-19438.8750,0,R,32767,16481,36.80,35.60,41866,0,123,348,0,0
41879515,41879517,41874517,-206806,-13235597,-19232.6719,0,R,32767,16317,34.10,35.34,41876,0,123,348,0,0
41889515,41889516,41884517,-206996,-13247713,-19047.6094,0,R,32767,16154,35.20,34.86,41886,0,123,348,0,0
41899516,41899517,41894516,-207183,-13259718,-18845.3281,0,R,32767,15990,35.20,34.45,41896,0,123,348,0,0
41910514,41910515,41904516,-207387,-13272762,-18655.9531,0,R,32767,15810,34.10,34.33,41907,0,123,348,0,0
41920515,41920516,41914516,-207570,-13284508,-18440.5469,0,R,32767,15646,32.90,33.99,41917,0,123,348,0,0
41930515,41930517,41924517,-207752,-13296110,-18260.2500,0,R,32767,15482,36.50,34.23,41927,0,123,348,0,0
41940516,41940517,41934516,-207931,-13307588,-18044.0469,0,R,32767,15318,31.00,33.39,41937,0,123,348,0,0
41950516,41950518,41944517,-208108,-13318941,-17878.6406,0,R,32767,15154,32.40,33.07,41947,0,123,348,0,0
41961515,41961517,41954516,-208301,-13331260,-17631.2188,0,R,32767,14974,30.90,32.57,41958,0,123,348,0,0
41972515,41972516,41964517,-208491,-13343433,-17445.3438,0,R,32767,14794,34.80,32.73,41969,0,123,348,0,0
41983515,41983516,41974518,-208679,-13355444,-17243.0781,0,R,32767,14614,30.70,31.74,41980,0,123,348,0,0
41993516,41993517,41984519,-208848,-13366240,-17035.7656,0,R,32767,14450,31.90,31.61,41990,0,123,348,0,0
42003516,42003518,41994519,-209014,-13376902,-16837.0156,0,R,32767,14286,32.00,31.51,42000,0,123,348,0,0
42014516,42014517,42014517,-209195,-13388499,-16475.7812,0,R,32767,14106,32.60,31.35,42011,0,123,348,0,0
42025515,42025522,42024516,-209374,-13399929,-16244.7500,0,R,32767,13925,29.90,30.68,42022,0,123,348,0,0
42035516,42035522,42034517,-209534,-13410179,-16030.4375,0,R,32767,13762,30.10,29.96,42032,0,123,348,0,0
42046515,42046519,42044517,-209708,-13421291,-15818.9531,0,R,32767,13581,29.90,30.35,42043,0,123,348,0,0
42056515,42056517,42054516,-209863,-13431253,-15610.9062,0,R,32767,13418,31.50,29.92,42053,0,123,348,0,0
42066516,42066519,42064518,-210017,-13441113,-15444.3906,0,R,32767,13254,27.30,29.35,42063,0,123,348,0,0
42077516,42077518,42074517,-210184,-13451802,-15230.4375,0,R,32767,13074,26.50,28.96,42074,0,123,348,0,0
42088515,42088516,42084517,-210349,-13462335,-15030.0469,0,R,32767,12893,31.00,29.15,42085,0,123,348,0,0
42098515,42098518,42094517,-210497,-13471778,-14848.0156,0,R,32767,12729,27.80,28.31,42095,0,123,348,0,0
42109515,42109517,42104517,-210656,-13482006,-14623.3750,0,R,32767,12549,27.70,27.73,42106,0,123,348,0,0
42119516,42119517,42114517,-210800,-13491179,-14428.8438,0,R,32767,12385,27.90,27.73,42116,0,123,348,0,0
42129516,42129517,42124516,-210941,-13500204,-14214.1875,0,R,32767,12222,27.10,27.28,42126,0,123,348,0,0
42140516,42140517,42134515,-211094,-13509992,-13999.9844,0,R,32767,12041,25.30,26.82,42137,0,123,348,0,0
42151514,42151515,42144516,-211244,-13519620,-13814.3438,0,R,32767,11861,26.20,26.85,42148,0,123,348,0,0
42161516,42161517,42154521,-211379,-13528237,-13605.4219,0,R,32767,11697,25.80,26.74,42158,0,123,348,0,0
42172516,42172517,42164517,-211525,-13537579,-13402.6562,0,R,32767,11517,27.00,26.29,42169,0,123,348,0,0
42183516,42183517,42174519,-211668,-13546752,-13227.7656,0,R,32767,11337,26.90,25.67,42180,0,123,348,0,0
42194515,42194516,42194516,-211809,-13555756,-12787.2031,0,R,32767,11157,25.70,25.29,42191,0,123,348,0,0
42204515,42204517,42204517,-211935,-13563832,-12617.6562,0,R,32767,10993,24.80,25.35,42201,0,123,348,0,0
42214515,42214516,42214516,-212059,-13571761,-12391.3125,0,R,32767,10829,26.20,24.97,42211,0,123,348,0,0
42224515,42224517,42224517,-212181,-13579566,-12193.8750,0,R,32767,10665,23.30,24.42,42221,0,123,348,0,0
42235514,42235521,42234516,-212313,-13588013,-12001.1719,0,R,32767,10485,24.80,24.10,42232,0,123,348,0,0
42245516,42245523,42244517,-212430,-13595547,-11788.2031,0,R,32767,10321,22.70,23.99,42242,0,123,348,0,0
42256515,42256519,42254518,-212557,-13603667,-11583.3750,0,R,32767,10141,23.50,24.09,42253,0,123,348,0,0
42267516,42267518,42264516,-212682,-13611643,-11368.1406,0,R,32767,9961,22.80,23.25,42264,0,123,348,0,0
42278514,42278516,42274517,-212804,-13619459,-11187.6875,0,R,32767,9780,23.70,23.08,42275,0,123,348,0,0
42288514,42288515,42284517,-212913,-13626420,-10964.8906,0,R,32767,9617,21.50,22.69,42285,0,123,348,0,0
42298516,42298518,42294516,-213020,-13633259,-10759.1719,0,R,32767,9453,21.40,21.81,42295,0,123,348,0,0
42309516,42309518,42304516,-213135,-13640643,-10570.3906,0,R,32767,9273,22.50,22.02,42306,0,123,348,0,0
42319516,42319518,42314515,-213238,-13647211,-10369.9219,0,R,32767,9109,20.20,21.66,42316,0,123,348,0,0
42330514,42330515,42324516,-213348,-13654285,-10164.0156,0,R,32767,8929,20.30,20.70,42327,0,123,348,0,0
42340516,42340518,42334517,-213446,-13660576,-9955.1875,0,R,32767,8765,21.40,21.30,42337,0,123,348,0,0
42350516,42350517,42344516,-213543,-13666744,-9754.6094,0,R,32767,8601,20.40,20.28,42347,0,123,348,0,0
42360516,42360517,42354515,-213637,-13672765,-9548.4219,0,R,32767,8437,20.50,20.22,42357,0,123,348,0,0
42371514,42371515,42364517,-213738,-13679248,-9335.4688,0,R,32767,8257,20.60,20.36,42368,0,123,348,0,0
42381514,42381516,42374515,-213828,-13684992,-9124.6094,0,R,32767,8093,20.10,20.17,42378,0,123,348,0,0
42391516,42391518,42384516,-213916,-13690621,-8919.7031,0,R,32767,7929,18.30,19.30,42388,0,123,348,0,0
42402515,42402517,42394515,-214010,-13696651,-8736.6719,0,R,32767,7749,17.40,19.35,42399,0,123,348,0,0
42412515,42412516,42404519,-214094,-13701997,-8506.7969,0,R,32767,7585,18.20,19.40,42409,0,123,348,0,0
42422516,42422517,42414515,-214175,-13707212,-8324.9531,0,R,32767,7421,17.40,18.65,42419,0,123,348,0,0
42433516,42433518,42424519,-214263,-13712801,-8103.2344,0,R,32767,7241,19.20,18.29,42430,0,123,348,0,0
42444514,42444516,42444516,-214348,-13718242,-7715.1094,0,R,32767,7061,17.40,18.21,42441,0,123,348,0,0
42454515,42454517,42454517,-214422,-13723040,-7498.2188,0,R,32767,6897,17.70,17.92,42451,0,123,348,0,0
42464515,42464517,42464517,-214496,-13727712,-7300.7188,0,R,32767,6733,17.20,17.45,42461,0,123,348,0,0
42475514,42475520,42474515,-214574,-13732709,-7107.3125,0,R,32767,6553,18.20,17.40,42472,0,123,348,0,0
42485514,42485520,42484515,-214642,-13737112,-6902.7500,0,R,32767,6389,16.30,16.94,42482,0,123,348,0,0
42495516,42495522,42494515,-214709,-13741386,-6703.3438,0,R,32767,6225,15.40,16.60,42492,0,123,348,0,0
42506514,42506517,42504517,-214780,-13745938,-6496.0938,0,R,32767,6045,16.10,16.37,42503,0,123,348,0,0
42516514,42516515,42514516,-214843,-13749932,-6291.2031,0,R,32767,5881,15.50,16.00,42513,0,123,348,0,0
42526516,42526517,42524515,-214903,-13753809,-6090.8438,0,R,32767,5717,16.40,15.76,42523,0,123,348,0,0
42537514,42537515,42534518,-214968,-13757926,-5907.6562,0,R,32767,5537,15.80,15.42,42534,0,123,348,0,0
42547515,42547516,42544517,-215024,-13761524,-5676.1406,0,R,32767,5373,15.00,15.09,42544,0,123,348,0,0
42557515,42557517,42554515,-215078,-13765003,-5497.7969,0,R,32767,5209,15.20,14.94,42554,0,123,348,0,0
42567515,42567517,42564516,-215130,-13768347,-5287.2969,0,R,32767,5046,15.30,14.92,42564,0,123,348,0,0
42577515,42577516,42574516,-215181,-13771552,-5086.2500,0,R,32767,4882,14.60,14.55,42574,0,123,348,0,0
42588515,42588517,42584516,-215234,-13774946,-4883.0000,0,R,32767,4702,14.20,14.22,42585,0,123,348,0,0
42598516,42598518,42594517,-215280,-13777893,-4681.4375,0,R,32767,4538,13.70,14.01,42595,0,123,348,0,0
42609514,42609516,42604516,-215328,-13780992,-4504.9375,0,R,32767,4358,12.60,13.59,42606,0,123,348,0,0
42619515,42619517,42614516,-215370,-13783673,-4289.2656,0,R,32767,4194,14.10,13.29,42616,0,123,348,0,0
42629516,42629518,42624517,-215410,-13786222,-4087.3281,0,R,32767,4030,13.70,13.15,42626,0,123,348,0,0
42640515,42640516,42634516,-215451,-13788871,-3878.6406,0,R,32767,3850,11.80,12.77,42637,0,123,348,0,0
42651514,42651516,42644516,-215490,-13791386,-3687.8281,0,R,32767,3669,12.30,12.40,42648,0,123,348,0,0
42661514,42661516,42654516,-215524,-13793519,-3486.3906,0,R,32767,3506,12.70,12.35,42658,0,123,348,0,0
42671516,42671518,42664520,-215555,-13795536,-3285.7500,0,R,32767,3342,12.50,12.08,42668,0,123,348,0,0
42682514,42682516,42674517,-215587,-13797599,-3102.1562,0,R,32767,3162,12.00,11.73,42679,0,123,348,0,0
42692514,42692516,42684519,-215615,-13799349,-2875.2656,0,R,32767,2998,10.40,11.67,42689,0,123,348,0,0
42702514,42702515,42694517,-215640,-13800964,-2710.5625,0,R,32767,2834,10.90,11.31,42699,0,123,348,0,0
42712514,42712515,42704518,-215663,-13802456,-2474.0000,0,R,32767,2670,11.70,11.27,42709,0,123,348,0,0
42722516,42722517,42714517,-215685,-13803826,-2306.6719,0,R,32767,2506,10.50,10.94,42719,0,123,348,0,0
42733514,42733516,42724517,-215706,-13805186,-2100.8281,0,R,32767,2326,10.20,10.66,42730,0,123,348,0,0
42743514,42743515,42734518,-215723,-13806269,-1896.5625,0,R,32767,2162,10.20,10.58,42740,0,123,348,0,0
42753516,42753517,42744519,-215738,-13807264,-1678.0000,0,R,32767,1998,9.80,10.30,42750,0,123,348,0,0
42764515,42764516,42764516,-215753,-13808181,-1301.7969,0,R,32767,1818,10.20,10.15,42761,0,123,348,0,0
42774516,42774518,42774518,-215764,-13808876,-1090.3906,0,R,32767,1654,9.90,9.92,42771,0,123,348,0,0
42784516,42784517,42784517,-215772,-13809436,-879.5938,0,R,32767,1490,9.50,9.79,42781,0,123,348,0,0
42795514,42795516,42794517,-215780,-13809931,-730.7500,0,R,32767,1310,9.50,9.49,42792,0,123,348,0,0
42805515,42805517,42804515,-215784,-13810208,-501.1875,0,R,32767,1146,9.00,9.25,42802,0,123,348,0,0
42816514,42816516,42814517,-215787,-13810343,-183.6719,0,R,32767,966,8.40,8.95,42813,0,123,348,0,0
42826515,42826517,42824516,-215785,-13810272,0.0000,0,R,32767,802,8.50,8.69,42823,0,123,348,0,0
42837516,42837517,42834516,-215785,-13810208,107.5781,0,R,32767,622,8.40,8.55,42834,0,123,348,0,0
42848514,42848516,42844517,-215785,-13810208,55.2500,0,R,32767,442,8.20,8.49,42845,0,123,348,0,0
42858516,42858517,42854515,-215785,-13810208,35.5781,0,R,32767,278,2.40,4.55,42855,0,123,348,0,0
42869515,42869517,42864517,-215785,-13810208,26.2344,0,R,32767,98,2.30,3.07,42866,0,123,348,0,0
42880514,42880515,42876515,-215785,-13810208,0.0000,1,S,0,0,8.20,5.04,42877,0,123,348,0,0
42890514,42890515,42884517,-215785,-13810208,0.0000,1,S,0,0,8.40,7.18,42887,0,123,348,0,0
42900514,42900515,42894515,-215785,-13810208,0.0000,1,S,0,0,8.20,7.88,42897,0,123,348,0,0
42910514,42910515,42904516,-215785,-13810208,0.0000,1,S,0,0,8.40,8.23,42907,0,123,348,0,0
42920514,42920516,42914515,-215785,-13810208,0.0000,1,S,0,0,8.50,8.29,42917,0,123,348,0,0
42930514,42930515,42924516,-215785,-13810208,0.0000,1,S,0,0,8.30,8.33,42927,0,123,348,0,0
42940514,42940515,42934517,-215785,-13810208,0.0000,1,S,0,0,8.20,8.34,42937,0,123,348,0,0
42950514,42950515,42944515,-215785,-13810208,0.0000,1,S,0,0,8.80,8.41,42947,0,123,348,0,0
42960514,42960515,42954515,-215785,-13810208,0.0000,1,S,0,0,8.40,8.42,42957,0,123,348,0,0
42970515,42970516,42964516,-215785,-13810208,0.0000,1,S,0,0,8.50,8.41,42967,0,123,348,0,0
42981515,42981516,42974515,-215785,-13810208,0.0000,1,S,0,0,8.50,8.37,42978,0,123,348,0,0
42991516,42991517,42984516,-215785,-13810208,0.0000,1,S,0,0,8.40,8.39,42988,0,123,348,0,0
43002515,43002516,42994516,-215785,-13810208,0.0000,1,S,0,0,8.10,8.40,42999,0,123,348,0,0
43012515,43012516,43004515,-215785,-13810208,0.0000,1,S,0,0,8.40,8.38,43009,0,123,348,0,0
43023515,43023516,43014515,-215785,-13810208,0.0000,1,S,0,0,8.20,8.38,43020,0,123,348,0,0
43033515,43033516,43024521,-215785,-13810208,0.0000,1,S,0,0,8.50,8.45,43030,0,123,348,0,0
43043516,43043517,43034519,-215785,-13810208,0.0000,1,S,0,0,8.20,8.42,43040,0,123,348,0,0
43054514,43054515,43054515,-215785,-13810208,0.0000,1,S,0,0,8.30,8.35,43051,0,123,348,0,0
43064515,43064516,43064516,-215785,-13810208,0.0000,1,S,0,0,8.40,8.42,43061,0,123,348,0,0
43075515,43075516,43074515,-215785,-13810208,0.0000,1,S,0,0,8.40,8.43,43072,0,123,348,0,0
43086514,43086515,43084515,-215785,-13810208,0.0000,1,S,0,0,8.40,8.40,43083,0,123,348,0,0
43096515,43096517,43094515,-215785,-13810208,0.0000,1,S,0,0,8.20,8.39,43093,0,123,348,0,0
43107515,43107516,43104515,-215785,-13810208,0.0000,1,S,0,0,8.30,8.35,43104,0,123,348,0,0
43117515,43117516,43114515,-215785,-13810208,0.0000,1,S,0,0,8.20,8.34,43114,0,123,348,0,0
43127516,43127517,43124515,-215785,-13810208,0.0000,1,S,0,0,8.50,8.32,43124,0,123,348,0,0
43137516,43137517,43134515,-215785,-13810208,0.0000,1,S,0,0,8.30,8.33,43134,0,123,348,0,0
43147516,43147517,43144516,-215785,-13810208,0.0000,1,S,0,0,8.20,8.34,43144,0,123,348,0,0
43158515,43158516,43154516,-215785,-13810208,0.0000,1,S,0,0,8.30,8.34,43155,0,123,348,0,0
43168515,43168516,43164515,-215785,-13810208,0.0000,1,S,0,0,8.40,8.38,43165,0,123,348,0,0
43179515,43179516,43174516,-215785,-13810208,0.0000,1,S,0,0,8.50,8.35,43176,0,123,348,0,0
43189515,43189516,43184516,-215785,-13810208,0.0000,1,S,0,0,8.00,8.31,43186,0,123,348,0,0
43200514,43200515,43194516,-215785,-13810208,0.0000,1,S,0,0,8.40,8.40,43197,0,123,348,0,0
43210514,43210515,43204516,-215785,-13810208,0.0000,1,S,0,0,8.30,8.32,43207,0,123,348,0,0
43220515,43220516,43214516,-215785,-13810208,0.0000,1,S,0,0,8.30,8.36,43217,0,123,348,0,0
43231515,43231516,43224517,-215785,-13810208,0.0000,1,S,0,0,8.30,8.38,43228,0,123,348,0,0
43242516,43242517,43234516,-215785,-13810208,0.0000,1,S,0,0,8.40,8.41,43239,0,123,348,0,0
43252516,43252517,43244515,-215785,-13810208,0.0000,1,S,0,0,8.10,8.32,43249,0,123,348,0,0
43263514,43263515,43254517,-215785,-13810208,0.0000,1,S,0,0,8.60,8.35,43260,0,123,348,0,0
43273516,43273517,43264520,-215785,-13810208,0.0000,1,S,0,0,8.00,8.41,43270,0,123,348,0,0
43284515,43284516,43284516,-215785,-13810208,0.0000,1,S,0,0,8.60,8.44,43281,0,123,348,0,0
43294516,43294517,43294517,-215785,-13810208,0.0000,1,S,0,0,8.40,8.38,43291,0,123,348,0,0
43304516,43304517,43304517,-215785,-13810208,0.0000,1,S,0,0,8.50,8.37,43301,0,123,348,0,0
43315514,43315515,43314516,-215785,-13810208,0.0000,1,S,0,0,8.50,8.43,43312,0,123,348,0,0
43325515,43325516,43324516,-215785,-13810208,0.0000,1,S,0,0,8.40,8.39,43322,0,123,348,0,0
43335515,43335516,43334516,-215785,-13810208,0.0000,1,S,0,0,8.30,8.36,43332,0,123,348,0,0
43346515,43346516,43344515,-215785,-13810208,0.0000,1,S,0,0,8.50,8.37,43343,0,123,348,0,0
43356516,43356517,43354515,-215785,-13810208,0.0000,1,S,0,0,8.50,8.42,43353,0,123,348,0,0
43367515,43367516,43364515,-215785,-13810208,0.0000,1,S,0,0,8.40,8.40,43364,0,123,348,0,0
43377515,43377516,43374517,-215785,-13810208,0.0000,1,S,0,0,8.40,8.40,43374,0,123,348,0,0
43388514,43388515,43384515,-215785,-13810208,0.0000,1,S,0,0,8.30,8.37,43385,0,123,348,0,0
43398514,43398515,43394516,-215785,-13810208,0.0000,1,S,0,0,8.40,8.39,43395,0,123,348,0,0
43408514,43408515,43404515,-215785,-13810208,0.0000,1,S,0,0,8.20,8.38,43405,0,123,348,0,0
43418514,43418515,43414515,-215785,-13810208,0.0000,1,S,0,0,8.40,8.38,43415,0,123,348,0,0
43428514,43428515,43424516,-215785,-13810208,0.0000,1,S,0,0,8.50,8.39,43425,0,123,348,0,0
43438516,43438517,43434516,-215785,-13810208,0.0000,1,S,0,0,8.30,8.44,43435,0,123,348,0,0
43449514,43449515,43444516,-215785,-13810208,0.0000,1,S,0,0,8.50,8.40,43446,0,123,348,0,0
43459514,43459515,43454516,-215785,-13810208,0.0000,1,S,0,0,8.30,8.34,43456,0,123,348,0,0
43469516,43469517,43464516,-215785,-13810208,0.0000,1,S,0,0,8.40,8.42,43466,0,123,348,0,0
43480515,43480516,43474516,-215785,-13810208,0.0000,1,S,0,0,8.30,8.36,43477,0,123,348,0,0
43491515,43491516,43484516,-215785,-13810208,0.0000,1,S,0,0,8.30,8.37,43488,0,123,348,0,0
43502515,43502516,43494516,-215785,-13810208,0.0000,1,S,0,0,8.30,8.39,43499,0,123,348,0,0
43513516,43513517,43504515,-215785,-13810208,0.0000,1,S,0,0,8.10,8.37,43510,0,123,348,0,0
43524514,43524515,43524515,-215785,-13810208,0.0000,1,S,0,0,8.50,8.35,43521,0,123,348,0,0
43534515,43534516,43534516,-215785,-13810208,0.0000,1,S,0,0,8.40,8.35,43531,0,123,348,0,0
43545515,43545516,43544515,-215785,-13810208,0.0000,1,S,0,0,8.40,8.41,43542,0,123,348,0,0
43556516,43556517,43554516,-215785,-13810208,0.0000,1,S,0,0,8.50,8.43,43553,0,123,348,0,0
43567515,43567516,43564516,-215785,-13810208,0.0000,1,S,0,0,8.00,8.33,43564,0,123,348,0,0
43577515,43577516,43574516,-215785,-13810208,0.0000,1,S,0,0,8.70,8.38,43574,0,123,348,0,0
43587515,43587516,43584517,-215785,-13810208,0.0000,1,S,0,0,8.30,8.44,43584,0,123,348,0,0
43597515,43597516,43594515,-215785,-13810208,0.0000,1,S,0,0,8.20,8.39,43594,0,123,348,0,0
43607516,43607517,43604516,-215785,-13810208,0.0000,1,S,0,0,8.30,8.37,43604,0,123,348,0,0
43618514,43618515,43614516,-215785,-13810208,0.0000,1,S,0,0,8.60,8.44,43615,0,123,348,0,0
43628515,43628516,43624515,-215785,-13810208,0.0000,1,S,0,0,8.70,8.43,43625,0,123,348,0,0
43638516,43638517,43634517,-215785,-13810208,0.0000,1,S,0,0,8.40,8.39,43635,0,123,348,0,0
43649515,43649516,43644515,-215785,-13810208,0.0000,1,S,0,0,8.40,8.38,43646,0,123,348,0,0
43660515,43660516,43654516,-215785,-13810208,0.0000,1,S,0,0,8.40,8.35,43657,0,123,348,0,0
43670515,43670516,43664517,-215785,-13810208,0.0000,1,S,0,0,8.30,8.37,43667,0,123,348,0,0
43681514,43681515,43674515,-215785,-13810208,0.0000,1,S,0,0,8.50,8.38,43678,0,123,348,0,0
43691515,43691516,43684515,-215785,-13810208,0.0000,1,S,0,0,8.20,8.36,43688,0,123,348,0,0
43702514,43702516,43694516,-215785,-13810208,0.0000,1,S,0,0,8.50,8.37,43699,0,123,348,0,0
43712514,43712516,43704515,-215785,-13810208,0.0000,1,S,0,0,8.40,8.40,43709,0,123,348,0,0
43722514,43722515,43714515,-215785,-13810208,0.0000,1,S,0,0,8.40,8.37,43719,0,123,348,0,0
43732515,43732516,43724517,-215785,-13810208,0.0000,1,S,0,0,8.30,8.38,43729,0,123,348,0,0
43743514,43743516,43734516,-215785,-13810208,0.0000,1,S,0,0,8.40,8.36,43740,0,123,348,0,0
43753515,43753516,43744520,-215785,-13810208,0.0000,1,S,0,0,8.40,8.37,43750,0,123,348,0,0
43764515,43764516,43764516,-215785,-13810208,0.0000,1,S,0,0,8.40,8.44,43761,0,123,348,0,0
43775514,43775515,43774515,-215785,-13810208,0.0000,1,S,0,0,8.50,8.40,43772,0,123,348,0,0
43785514,43785515,43784516,-215785,-13810208,0.0000,1,S,0,0,8.40,8.39,43782,0,123,348,0,0
43795516,43795517,43794517,-215785,-13810208,0.0000,1,S,0,0,8.40,8.32,43792,0,123,348,0,0
43806515,43806516,43804515,-215785,-13810208,0.0000,1,S,0,0,8.50,8.38,43803,0,123,348,0,0
43817515,43817516,43814517,-215785,-13810208,0.0000,1,S,0,0,8.30,8.36,43814,0,123,348,0,0
43827516,43827517,43824517,-215785,-13810208,0.0000,1,S,0,0,8.20,8.39,43824,0,123,348,0,0
43837516,43837517,43834517,-215785,-13810208,0.0000,1,S,0,0,8.20,8.38,43834,0,123,348,0,0
43848514,43848515,43844515,-215785,-13810208,0.0000,1,S,0,0,8.20,8.35,43845,0,123,348,0,0
43858516,43858517,43854516,-215785,-13810208,0.0000,1,S,0,0,8.10,8.38,43855,0,123,348,0,0
43869515,43869516,43864516,-215785,-13810208,0.0000,1,S,0,0,8.10,8.36,43866,0,123,348,0,0
43880515,43880516,43874515,-215785,-13810208,0.0000,1,S,0,0,8.40,8.36,43877,0,123,348,0,0
43890515,43890517,43884516,-215785,-13810208,0.0000,1,S,0,0,8.40,8.42,43887,0,123,348,0,0
43900515,43900516,43894516,-215785,-13810208,0.0000,1,S,0,0,8.30,8.38,43897,0,123,348,0,0
43911514,43911515,43904516,-215785,-13810208,0.0000,1,S,0,0,8.40,8.34,43908,0,123,348,0,0
43921515,43921517,43914516,-215785,-13810208,0.0000,1,S,0,0,8.20,8.36,43918,0,123,348,0,0
43931515,43931516,43924515,-215785,-13810208,0.0000,1,S,0,0,8.60,8.39,43928,0,123,348,0,0
43941516,43941517,43934516,-215785,-13810208,0.0000,1,S,0,0,8.30,8.33,43938,0,123,348,0,0
43951516,43951517,43944516,-215785,-13810208,0.0000,1,S,0,0,8.50,8.34,43948,0,123,348,0,0
43962514,43962515,43954516,-215785,-13810208,0.0000,1,S,0,0,8.40,8.32,43959,0,123,348,0,0
43972514,43972515,43964516,-215785,-13810208,0.0000,1,S,0,0,8.20,8.37,43969,0,123,348,0,0
43982515,43982517,43974517,-215785,-13810208,0.0000,1,S,0,0,8.40,8.38,43979,0,123,348,0,0
43992515,43992516,43984516,-215785,-13810208,0.0000,1,S,0,0,8.40,8.39,43989,0,123,348,0,0
44003515,44003516,43994515,-215785,-13810208,0.0000,1,S,0,0,8.40,8.36,44000,0,123,348,0,0
44013515,44013516,44004519,-215785,-13810208,0.0000,1,S,0,0,8.20,8.29,44010,0,123,348,0,0
44024515,44024516,44024516,-215785,-13810208,0.0000,1,S,0,0,8.50,8.34,44021,0,123,348,0,0
44034515,44034516,44034516,-215785,-13810208,0.0000,1,S,0,0,8.40,8.38,44031,0,123,348,0,0
44044515,44044516,44044516,-215785,-13810208,0.0000,1,S,0,0,8.60,8.40,44041,0,123,348,0,0
44054515,44054516,44054516,-215785,-13810208,0.0000,1,S,0,0,8.20,8.32,44051,0,123,348,0,0
44064516,44064517,44064517,-215785,-13810208,0.0000,1,S,0,0,8.40,8.34,44061,0,123,348,0,0
44074516,44074517,44074517,-215785,-13810208,0.0000,1,S,0,0,8.20,8.35,44071,0,123,348,0,0
44085515,44085516,44084515,-215785,-13810208,0.0000,1,S,0,0,8.40,8.34,44082,0,123,348,0,0
44096515,44096516,44094515,-215785,-13810208,0.0000,1,S,0,0,8.00,8.30,44093,0,123,348,0,0
44107515,44107516,44104516,-215785,-13810208,0.0000,1,S,0,0,8.20,8.36,44104,0,123,348,0,0
44118515,44118516,44114516,-215785,-13810208,0.0000,1,S,0,0,8.20,8.34,44115,0,123,348,0,0
44128516,44128517,44124516,-215785,-13810208,0.0000,1,S,0,0,8.40,8.37,44125,0,123,348,0,0
44139515,44139516,44134515,-215785,-13810208,0.0000,1,S,0,0,8.30,8.36,44136,0,123,348,0,0
44149516,44149517,44144516,-215785,-13810208,0.0000,1,S,0,0,8.50,8.27,44146,0,123,348,0,0
44160515,44160516,44154515,-215785,-13810208,0.0000,1,S,0,0,8.60,8.39,44157,0,123,348,0,0
